{"type":"FeatureCollection","features":[{"type":"Feature","geometry":{"type":"Polygon","coordinates":[[[-89.3167805174472,43.10136466913512],[-89.31709402084962,43.10135410581205],[-89.31707519773576,43.10200330555213],[-89.31712850830621,43.10200214566193],[-89.31730193777965,43.10199837307779],[-89.31909469281264,43.10195920839555],[-89.3195381472311,43.10194951773083],[-89.31978552171715,43.10194411098798],[-89.32046819733567,43.101929189387995],[-89.32046830514312,43.10192862152149],[-89.32076147510794,43.10037660347304],[-89.3196976171576,43.10040776865285],[-89.31963962169542,43.099393854028705],[-89.32076186982208,43.09936107056998],[-89.3207077058882,43.09841494438565],[-89.32070761398923,43.098413321425],[-89.31962213753097,43.098437176809995],[-89.31946141798507,43.09844070778141],[-89.31957417439749,43.10041156178319],[-89.31961695969468,43.10115937537922],[-89.31961870583427,43.10118989569848],[-89.31966045143074,43.10191951634085],[-89.31953658735536,43.10192221813521],[-89.31927031020663,43.10192802499172],[-89.31728580767538,43.10197128512368],[-89.31728494778935,43.10197130323775],[-89.3171314181276,43.10172557765783],[-89.31713648849873,43.101243530735644],[-89.31709662092469,43.101244395138366],[-89.31709823755124,43.10096989793682],[-89.31709197156202,43.100648194089906],[-89.31707689086312,43.100326646847286],[-89.31705300274098,43.10000538582637],[-89.31702031570815,43.09968454154385],[-89.31697884442113,43.099364242719815],[-89.31692860476211,43.09904461897354],[-89.31686961875499,43.09872579902799],[-89.31713584856259,43.09849177841821],[-89.3165143582361,43.09850541888528],[-89.31623511932361,43.09851154604342],[-89.31622792369707,43.098511704100495],[-89.31468241926957,43.0985639970564],[-89.3144841543569,43.09857069102519],[-89.3142518046025,43.09857853614423],[-89.31401945356205,43.09858637989046],[-89.31401917856768,43.09859746525532],[-89.3140186454544,43.09859748365358],[-89.31340973551386,43.09861834875691],[-89.3133942256183,43.09861983988226],[-89.31337927128538,43.098623201940235],[-89.31336529029849,43.098628342618085],[-89.31335267228133,43.09863511827069],[-89.31334177132061,43.09864333841421],[-89.31333288998194,43.09865277471156],[-89.31332627685032,43.098663162770414],[-89.31332211791113,43.0986742138361],[-89.31332052794717,43.09868561748376],[-89.31330245352814,43.09941642247696],[-89.31329817070917,43.09958958130619],[-89.31327777497286,43.10041423280435],[-89.31327328820593,43.10059565611698],[-89.31325289180369,43.10142030655724],[-89.31325131989671,43.101483848448574],[-89.31615611811877,43.10138578932119],[-89.31655773532617,43.101372265820565],[-89.3167805174472,43.10136466913512]]]},"properties":{"NAME":"Town of Blooming Grove","WardNumber":"2","AldDistrict":null,"SupDistrict":"17","AsmDistrict":"76","WardID":"0002"}},{"type":"Feature","geometry":{"type":"Polygon","coordinates":[[[-89.33058857072551,43.10658987933384],[-89.33537859801372,43.10666787118126],[-89.33538010600847,43.10662564963578],[-89.33538010981718,43.106625562329185],[-89.33539690753877,43.1062569084831],[-89.3354019062199,43.10614722274215],[-89.33540690365474,43.10603753699776],[-89.3354119010718,43.10592785125093],[-89.33541689969942,43.105818165502534],[-89.33542189708078,43.10570847975081],[-89.33542939311936,43.105543951118555],[-89.33543439168456,43.105434265361595],[-89.33543938900353,43.1053245796012],[-89.33544438753303,43.10521489383931],[-89.33544938481634,43.10510520807401],[-89.33545438208176,43.10499552230628],[-89.33545938055653,43.10488583743709],[-89.33546437778632,43.10477615166443],[-89.33546937499827,43.1046664658893],[-89.33547687201116,43.104501937222956],[-89.33548186917848,43.104392251441695],[-89.33548686632804,43.104282565657975],[-89.33549186468815,43.10417287987272],[-89.33549686180201,43.1040631940841],[-89.33550186012646,43.10395350829392],[-89.33550685720466,43.10384382250042],[-89.33551185426505,43.1037341367044],[-89.335516852536,43.103624450906906],[-89.33552434806639,43.103459922204614],[-89.33552934629273,43.10335023640095],[-89.33553434327283,43.103240550593945],[-89.33553934023514,43.10313086478444],[-89.33554433840672,43.10302117987354],[-89.33554933533337,43.10291149405917],[-89.33555433224218,43.1028018082423],[-89.33555933036155,43.102692122424],[-89.3355643272347,43.102582436602226],[-89.33557166773997,43.10241790504761],[-89.33557170955753,43.102416995979766],[-89.33557666456882,43.102308219219765],[-89.33558166260819,43.1021985333904],[-89.3355866594014,43.10208884755764],[-89.33559165617672,43.10197916172242],[-89.33559665416134,43.10186947678582],[-89.33560165090105,43.10175979094576],[-89.33560664762295,43.1016501051032],[-89.33561164555533,43.10154041925916],[-89.33561664224156,43.10143073341171],[-89.33562164013827,43.10132104756279],[-89.33562663678883,43.10121136171045],[-89.33563997627972,43.10091855616984],[-89.33564201244084,43.10071911381701],[-89.33565219264388,43.10053436452748],[-89.33062546547707,43.1032231267278],[-89.3306332680779,43.10305005393401],[-89.3306534641534,43.10260209285135],[-89.33067015257764,43.10223191814747],[-89.33067022127119,43.10223033222864],[-89.32999192122826,43.10259347901749],[-89.32908818594481,43.103075243532786],[-89.3288545646626,43.103197798806164],[-89.328853554786,43.10320031825843],[-89.32881933524958,43.10400583792792],[-89.32823668382598,43.1043292237549],[-89.32822490884304,43.104674329769225],[-89.32820625728735,43.105514069148775],[-89.32809302411708,43.105512277639164],[-89.32756953069563,43.10550399276198],[-89.3275666403859,43.10558285156833],[-89.32756651473716,43.10558626913692],[-89.32756529401148,43.105619557355816],[-89.32756256014338,43.1056941408237],[-89.32755853883921,43.105803842352515],[-89.32730583679466,43.10580032260712],[-89.32730205228076,43.10590355171629],[-89.3273018838084,43.10591003048238],[-89.327299041303,43.10601975097708],[-89.32729619756451,43.106129467868094],[-89.32702665622574,43.10612571752381],[-89.32701693059398,43.106500930584225],[-89.32701667058984,43.106531590404494],[-89.33058857072551,43.10658987933384]]]},"properties":{"NAME":"Town of Blooming Grove","WardNumber":"1","AldDistrict":null,"SupDistrict":"6","AsmDistrict":"76","WardID":"0001"}},{"type":"Feature","geometry":{"type":"Polygon","coordinates":[[[-89.36925146223194,43.10155067115371],[-89.36924661940459,43.10154002164951],[-89.36816404022984,43.10152782968716],[-89.36817133421205,43.101318233514824],[-89.36817155601443,43.10131184922137],[-89.36716331948473,43.101301151825055],[-89.3671570429383,43.10151062781164],[-89.3653332551217,43.101512697531625],[-89.36519204701443,43.101512856811986],[-89.36478535120096,43.10212414435242],[-89.3647862053205,43.10212634102074],[-89.36439164653164,43.10271789583101],[-89.36452870837682,43.102718586940256],[-89.3652202061958,43.102722067409104],[-89.36536970353713,43.102723437875134],[-89.36590995417983,43.102728992017674],[-89.3673231419897,43.10274350920068],[-89.36741763173612,43.1027444788657],[-89.36832603331055,43.102753799415794],[-89.36840217284472,43.10275417906619],[-89.36884571956688,43.10275863784958],[-89.36885002455405,43.102737969101554],[-89.36887113521485,43.102501873279515],[-89.36890290016073,43.102430575993004],[-89.36896811943446,43.10233834807452],[-89.36901154182283,43.10224812441013],[-89.36911080148683,43.10204187606863],[-89.36914518526753,43.101931606566865],[-89.36916824966269,43.101844017886755],[-89.36922228886786,43.10176147419187],[-89.36924331483681,43.10157457309709],[-89.36925146223194,43.10155067115371]]]},"properties":{"NAME":"City of Madison","WardNumber":"30","AldDistrict":"12","SupDistrict":"2","AsmDistrict":"76","WardID":"0030"}},{"type":"Feature","geometry":{"type":"Polygon","coordinates":[[[-89.38155995984665,43.080688467940774],[-89.38239487254053,43.08134008946073],[-89.38300482022063,43.081810612137225],[-89.38308524042296,43.08174722750859],[-89.38331701998816,43.08160208053669],[-89.38340329170636,43.08154893902688],[-89.38344418500614,43.081523750043715],[-89.38345636308185,43.08151720142926],[-89.38355507737977,43.08146412162403],[-89.38367292292826,43.08141313821379],[-89.38384725970802,43.081345250824555],[-89.38391323851414,43.081318074555085],[-89.38400545613237,43.08128098069036],[-89.38434729710723,43.08114662002945],[-89.38470157859535,43.08103564436414],[-89.38508289123516,43.080938094189904],[-89.38552785023984,43.08081432340106],[-89.38590919408166,43.080713453606364],[-89.38614508558496,43.08066824048196],[-89.38617695384609,43.08066685626444],[-89.3864946960079,43.0806568450402],[-89.38682433982096,43.08065862164679],[-89.38721450108645,43.080581034959174],[-89.38737740121948,43.080551328202496],[-89.38756830835307,43.080516530620244],[-89.38796725232963,43.08046555103114],[-89.38808997249419,43.0804337897976],[-89.38829409398375,43.08038098030777],[-89.38852584484853,43.08030792000054],[-89.38857909834383,43.080291131665696],[-89.3888118826246,43.080217745245285],[-89.38895964354144,43.0801645544609],[-89.38917276957828,43.080087829413976],[-89.38964393866382,43.07990899184715],[-89.38967534423432,43.079896986222586],[-89.38993645956774,43.07977529349753],[-89.3901120310342,43.07969346512202],[-89.39013978913565,43.07967742228958],[-89.39044533118866,43.079500836429396],[-89.38990734654807,43.07907700243954],[-89.3895633079058,43.07881369607522],[-89.38875056188904,43.078185580707924],[-89.38870750323686,43.07815230303488],[-89.38784410688423,43.077499193874],[-89.38701361016116,43.07685399024213],[-89.38615175195272,43.07619830873506],[-89.38498504116629,43.0770139318957],[-89.38430503835532,43.07749200678336],[-89.38429359484876,43.0774995080441],[-89.3842816751772,43.07750659869926],[-89.38426930636341,43.07751326345593],[-89.38425651788536,43.077519487922004],[-89.38424333676588,43.07752525680466],[-89.38422979493835,43.077530556612835],[-89.384215923107,43.07753537565519],[-89.38420175320347,43.077539703141056],[-89.38418731593121,43.07754352917941],[-89.38417264690439,43.07754684478091],[-89.38415777805254,43.07754964275536],[-89.38414274376105,43.077551915913205],[-89.3841275784135,43.077553659765314],[-89.38411231639365,43.07755486982267],[-89.38409699208405,43.077555543396294],[-89.384081598277,43.07755542395468],[-89.38406623059205,43.07755476175806],[-89.38405092340909,43.077553558618106],[-89.38403571233576,43.077551816346926],[-89.38402063420595,43.07754953945743],[-89.3840057233972,43.077546733361714],[-89.38399101305858,43.077543404371575],[-89.38397653879372,43.07753956059999],[-89.38396233252222,43.077535211058695],[-89.38394842984653,43.07753036566083],[-89.38393486022973,43.0775250343175],[-89.38392165681573,43.07751923144156],[-89.38390884906592,43.077512969644374],[-89.38389646766832,43.07750626333797],[-89.38388454085465,43.077499127833796],[-89.3838730956281,43.077491579342755],[-89.3838621602181,43.07748363677671],[-89.38322904822557,43.076997863571],[-89.38233120679922,43.076310062283966],[-89.38211100353647,43.076141286325765],[-89.3820948644185,43.076141726219284],[-89.38207876915799,43.07614269448608],[-89.3820627484519,43.07614418933669],[-89.3820468342256,43.07614620808205],[-89.38203105963285,43.07614874713343],[-89.38201545660158,43.07615180020145],[-89.38200005460378,43.07615536099573],[-89.38198488433889,43.076159424126566],[-89.38196997896434,43.07616398060468],[-89.38195536549898,43.07616902053863],[-89.38194107341674,43.07617453493775],[-89.3819271334213,43.07618051211169],[-89.38191357130496,43.07618694036835],[-89.3819004153163,43.07619380711639],[-89.38188769124936,43.07620109796336],[-89.38187542367052,43.07620879851641],[-89.38186363960243,43.07621689348347],[-89.38185235992852,43.076225367570395],[-89.38115869414625,43.07671766943789],[-89.38123435157927,43.076774145575946],[-89.38130073235395,43.07682369565993],[-89.38041654191782,43.07746331374926],[-89.37970347548887,43.07796685808838],[-89.37880204695894,43.07859742195818],[-89.37880088479439,43.07859823520956],[-89.37984503900313,43.079389703708166],[-89.38066238254194,43.08001924212443],[-89.38155995984665,43.080688467940774]]]},"properties":{"NAME":"City of Madison","WardNumber":"46","AldDistrict":"2","SupDistrict":"2","AsmDistrict":"76","WardID":"0046"}},{"type":"Feature","geometry":{"type":"Polygon","coordinates":[[[-89.35473306142423,43.10684174402787],[-89.35481834107284,43.10684298058555],[-89.35537708944163,43.106842994878775],[-89.35781723816123,43.10684559132305],[-89.35933941806174,43.10683984231233],[-89.35943674578493,43.10646172331148],[-89.3600790580038,43.10396379453642],[-89.36020705101564,43.103461349067224],[-89.36021257304934,43.10344146168935],[-89.36021826825646,43.10342160050767],[-89.36022413786338,43.10340176732315],[-89.36022235448547,43.10340152153089],[-89.36068480518338,43.10159352574647],[-89.36116038841361,43.099734076763276],[-89.36116192979996,43.09972804782381],[-89.3614648848382,43.098543484491906],[-89.36171563092908,43.09756302060462],[-89.36171821657136,43.097552911157834],[-89.36177009941645,43.097350033720296],[-89.36182198314827,43.097147155352246],[-89.36187386653683,43.096944277853225],[-89.36192574835475,43.09674140032244],[-89.36197763105942,43.09653852186118],[-89.3620295121926,43.096335644268336],[-89.3620813942125,43.0961327657449],[-89.36213327466096,43.095929888089884],[-89.3621851559961,43.0957270095043],[-89.3622118739041,43.09562253187175],[-89.36221249900848,43.095620084829086],[-89.36233165459402,43.09515412523119],[-89.36242688893557,43.09478529982454],[-89.36257109090366,43.0942177848436],[-89.36260899575099,43.09405703418678],[-89.36296122359619,43.093810493423476],[-89.36307583599356,43.09373475619521],[-89.36319001979957,43.093658672991985],[-89.36330377378577,43.09358224381447],[-89.3633668899576,43.0935394837365],[-89.36341709549367,43.09350547046288],[-89.36352998123672,43.093428354736744],[-89.36364243224205,43.09335089753814],[-89.36440654102864,43.09281746286546],[-89.36444624315652,43.092790064066385],[-89.3644854371488,43.09276227525389],[-89.3645241168594,43.09273410182598],[-89.36456227491423,43.09270554918018],[-89.36459990516732,43.0926766227144],[-89.36463699901725,43.09264732692533],[-89.36467355031829,43.092617667211066],[-89.36470955415274,43.09258764897017],[-89.36474500191844,43.092557277599475],[-89.36477988869716,43.092526559397754],[-89.3648142058868,43.09249549976174],[-89.36484794979896,43.09246410319059],[-89.3648811130582,43.09243237688201],[-89.36491369074801,43.092400325334395],[-89.36531569167956,43.09212650843567],[-89.3653388633709,43.09211072499701],[-89.3653254771518,43.09210322501283],[-89.3641352444,43.09151738856279],[-89.36376821450871,43.09127264815287],[-89.36313486774884,43.0909565327825],[-89.36222848958451,43.090361833217585],[-89.36214438448705,43.0903092106534],[-89.36200356363486,43.090221102356594],[-89.36189753679355,43.0902962193121],[-89.36189535928489,43.09029500122907],[-89.36170702407624,43.0904311932133],[-89.36069625763338,43.09114728184665],[-89.35923547085403,43.09219859644898],[-89.3583093279483,43.092890437341474],[-89.35695894227155,43.09387202285535],[-89.3555785440134,43.09491217760748],[-89.35403574539087,43.096078131147934],[-89.35270916152254,43.09708147071896],[-89.35186097607045,43.097716951011094],[-89.35103248813354,43.09835371084534],[-89.3494065165479,43.0995585671166],[-89.34937503743471,43.09958020077145],[-89.34934404181402,43.09960220736621],[-89.34931353952094,43.09962457970682],[-89.34928353670223,43.099647313297],[-89.34925404442147,43.09967040094348],[-89.34922506637,43.09969383724835],[-89.34919661361027,43.099717615918415],[-89.34916869229153,43.09974173065726],[-89.34914130979132,43.099766175169286],[-89.34911447226001,43.099790942258046],[-89.34908818953086,43.0998160265295],[-89.34906246652594,43.09984142078656],[-89.34903731062398,43.09986711783335],[-89.3490127279746,43.09989311137356],[-89.34898872595659,43.09991939421147],[-89.34896531071941,43.09994596005073],[-89.34894248718552,43.09997280169399],[-89.34892026396315,43.09999991104624],[-89.34889864474438,43.10002728270957],[-89.34868865617277,43.100302737586276],[-89.34861472602927,43.100397637899555],[-89.34870646717489,43.1004361094534],[-89.34879809794239,43.100474533157346],[-89.34895724121816,43.10054126850701],[-89.34897244120552,43.100548010970385],[-89.34898730170514,43.10055514835791],[-89.34900180184516,43.10056267255551],[-89.34901592567022,43.10057057275194],[-89.3490296523095,43.10057883993294],[-89.34904296580966,43.10058746148715],[-89.3490558489848,43.10059642840274],[-89.34906828342487,43.10060572806664],[-89.34908025563215,43.100615348769146],[-89.34909174842488,43.10062527789806],[-89.3491027483063,43.100635502843474],[-89.3491132405512,43.100646010994794],[-89.34941253463333,43.1012736820677],[-89.34952114470494,43.10150690811164],[-89.34978570443937,43.102030993417664],[-89.3499032297236,43.10227098804379],[-89.35002561196148,43.10253690303303],[-89.35006342732002,43.10261554506145],[-89.35035209155872,43.10320032335698],[-89.35082913949917,43.104187623534045],[-89.35121224501033,43.104975163086856],[-89.35121974212859,43.104991076967025],[-89.35122659169062,43.10500714706229],[-89.3512327887999,43.10502335806793],[-89.35123832609996,43.10503969737818],[-89.35124319869428,43.10505614968844],[-89.35124740291266,43.10507270149501],[-89.35125093631643,43.105089336594745],[-89.35125379400797,43.10510604058305],[-89.35125597354448,43.10512280085716],[-89.35125747371664,43.105139600314416],[-89.35125829331218,43.105156424552575],[-89.35125152743628,43.106831079281015],[-89.35249394822952,43.10683364364925],[-89.354647128247,43.1068404989201],[-89.35473306142423,43.10684174402787]]]},"properties":{"NAME":"City of Madison","WardNumber":"29","AldDistrict":"12","SupDistrict":"2","AsmDistrict":"76","WardID":"0029"}},{"type":"Feature","geometry":{"type":"Polygon","coordinates":[[[-89.34975716246818,43.08852311713781],[-89.34968073148622,43.08855683060727],[-89.34962009462357,43.08858251704447],[-89.34954153739929,43.088623721510245],[-89.34954402903958,43.08864880349715],[-89.34949455408764,43.088670443800005],[-89.34947188525659,43.088652259964206],[-89.34939541174079,43.088674955983514],[-89.34921372642178,43.08873119375919],[-89.34909264674101,43.08876434639208],[-89.34881129405203,43.088843443579705],[-89.34851094701379,43.08895104393444],[-89.3484192081635,43.088984388462194],[-89.34834780831343,43.089020425642644],[-89.34833081329015,43.089026976407744],[-89.34824797724325,43.08905890618527],[-89.34820170841424,43.08906905461534],[-89.34814804090189,43.089076605049655],[-89.34809502561107,43.089084064070924],[-89.3480202689427,43.089101860134434],[-89.34796400906441,43.089113297236764],[-89.34794553871039,43.08911705217522],[-89.34777954004282,43.089145731367815],[-89.3477358151667,43.089153287173815],[-89.34765383775469,43.08916744999397],[-89.34761824777412,43.08917505785885],[-89.34754983279012,43.089174665814504],[-89.34754368492287,43.089174630300626],[-89.34739789027999,43.08919461994526],[-89.34736483708309,43.08919956419155],[-89.34728052923988,43.08921217164681],[-89.34711886497925,43.08926921308805],[-89.34708449500462,43.08928134099235],[-89.34686363986877,43.08934776366023],[-89.34678532961996,43.08936553857563],[-89.34630150599882,43.08945127644844],[-89.34621967401132,43.08946642664818],[-89.34599062871895,43.08952450546156],[-89.34598432884127,43.089527191666924],[-89.3459533062154,43.089540411482204],[-89.34588062480866,43.08955647573687],[-89.34577366659371,43.08955578149111],[-89.34564484350842,43.08957440668151],[-89.34542434686955,43.08964276292694],[-89.34515774651534,43.08970886717261],[-89.34492486153013,43.0897297464133],[-89.34481085693203,43.08974300436919],[-89.34471586536989,43.08975289520804],[-89.3445734330733,43.0897625098727],[-89.3444738099231,43.08976193550064],[-89.34443604171491,43.08974432548018],[-89.34431770478626,43.08971929512492],[-89.34421329871701,43.089722172757114],[-89.3441181580147,43.08974597315224],[-89.34391872751819,43.089762216945836],[-89.34381450687282,43.0897477025986],[-89.34374810750974,43.08972832654269],[-89.34355737999263,43.08971916853421],[-89.34345833598849,43.08978043148388],[-89.34325173324127,43.08981559739497],[-89.34316558586882,43.08981431739991],[-89.34290293713903,43.089757405983185],[-89.34273514697655,43.089742759280334],[-89.34272253408226,43.089746639856514],[-89.34266844305887,43.089739773217616],[-89.34243542665452,43.089722998797285],[-89.34232478947756,43.089714174457555],[-89.34225764134635,43.08971283502943],[-89.34222264987088,43.08970992936039],[-89.34214787887286,43.08970099759302],[-89.34202181773449,43.08969695700654],[-89.34196538926139,43.089695148763106],[-89.34191414177008,43.08969274825992],[-89.34168433847329,43.089708818334095],[-89.34159179084465,43.08971838156387],[-89.34151677696993,43.0897261334773],[-89.34121880342356,43.08974745433042],[-89.34077708735674,43.08982583402056],[-89.34018187825914,43.08992712218187],[-89.33969954893836,43.09006149445944],[-89.3393222447764,43.090166606528555],[-89.3390167770632,43.09021673474156],[-89.33881187973356,43.090272815815794],[-89.33861388467129,43.090306819398464],[-89.33854462277323,43.09031871222713],[-89.3381937854899,43.09033809364361],[-89.33789880679478,43.09029591226381],[-89.33767009398245,43.090288205229314],[-89.33750558851624,43.090306789500744],[-89.33735700384257,43.090348058871],[-89.33727832118164,43.09040046557433],[-89.33717575122657,43.09043951859106],[-89.33706760755265,43.09043888913989],[-89.33695350008232,43.0904338176492],[-89.33683352703854,43.09041549849118],[-89.33671956327683,43.090397210698676],[-89.33662982426011,43.090361446553445],[-89.33627058054158,43.09024480970105],[-89.33612761679906,43.09021733111739],[-89.33580453606781,43.09015996100744],[-89.3355426448732,43.090155765667284],[-89.33521553409628,43.09012718055917],[-89.33495404609094,43.0900856426062],[-89.33481072297567,43.09009220210634],[-89.33474747159109,43.09011492723787],[-89.33471568027795,43.0901416881345],[-89.33468380429274,43.09017614571742],[-89.33466246732682,43.09020681742861],[-89.33465396820812,43.09029079931071],[-89.334631357302,43.090366525473755],[-89.33445628979615,43.090606388795045],[-89.3343673007435,43.09077621720504],[-89.33435941912302,43.090833396339264],[-89.33428596718699,43.09091015811598],[-89.33425635880057,43.09096188664449],[-89.3342233475722,43.09099703089901],[-89.33419762388746,43.091027191490674],[-89.33415224847809,43.091011139305465],[-89.33410883328955,43.09108674133749],[-89.33408164303185,43.09113408819144],[-89.33359501984006,43.091856950345885],[-89.33317439098727,43.09243062328186],[-89.33300793641084,43.09271519718153],[-89.33288231817295,43.09292403497107],[-89.33274738786596,43.093073168898655],[-89.33258228335376,43.09322609906664],[-89.33272558447968,43.09328877533537],[-89.3381425127398,43.09566588420939],[-89.338356809365,43.095760599549564],[-89.34113028891065,43.096980121616795],[-89.34116660578636,43.09699629781637],[-89.34120301986697,43.097012357960246],[-89.34123952992532,43.0970283011475],[-89.3412761335048,43.097044127376236],[-89.34131283183345,43.09705983664724],[-89.34134962245585,43.09707542805864],[-89.3413865066013,43.09709090071101],[-89.34142348181072,43.0971062564028],[-89.3414605493146,43.09712149333466],[-89.34149770542804,43.097136611503764],[-89.34153495260857,43.0971516100117],[-89.34157228962661,43.097166489757655],[-89.34160971279836,43.097181249838876],[-89.34164722580971,43.09719588935765],[-89.3416848237462,43.097210409210646],[-89.34172250906539,43.09722480849935],[-89.3417602793105,43.09723908722199],[-89.34179813448159,43.097253245378454],[-89.34183607458061,43.09726728116846],[-89.34187409714863,43.097281196390455],[-89.34191220218788,43.09729498924407],[-89.34195038846858,43.097308660628535],[-89.3419886572213,43.09732220874438],[-89.34202700598813,43.09733563448998],[-89.34206543354063,43.097348937864304],[-89.342103941108,43.09736211796806],[-89.34214252623357,43.09737517479948],[-89.34218118891835,43.09738810745839],[-89.34221992793263,43.09740091684389],[-89.34225874327747,43.09741360205586],[-89.34229763372446,43.09742616309339],[-89.3423365992744,43.097438599056254],[-89.34237563747077,43.097450909942644],[-89.34241474954028,43.0974630966535],[-89.34244643089603,43.097473135937406],[-89.34247817996888,43.09748305824679],[-89.34250999675643,43.097492865381774],[-89.34254188003374,43.09750255464117],[-89.34257382979823,43.0975121278251],[-89.34260584359563,43.0975215831316],[-89.34263792142455,43.09753092146076],[-89.3426700632861,43.09754014191234],[-89.34270226672348,43.09754924448468],[-89.34273453173664,43.09755822917768],[-89.34276685832647,43.097567095091186],[-89.34279924526338,43.097575843124424],[-89.34283169132021,43.09758447237632],[-89.34286419526953,43.09759298194598],[-89.3428967571101,43.09760137273336],[-89.3429293768429,43.09760964383841],[-89.34296205078299,43.09761779525842],[-89.34300365616795,43.097628315609626],[-89.3430453231468,43.097638707274164],[-89.34308704803664,43.09764896844907],[-89.34312883329156,43.09765910093627],[-89.34317067645823,43.09766910203371],[-89.3432125763058,43.09767897354063],[-89.3432545340624,43.09768871545784],[-89.3432965472734,43.09769832598341],[-89.3433386159375,43.0977078060173],[-89.3433807388273,43.09771715465863],[-89.34342291594147,43.0977263728073],[-89.34346514605255,43.09773545956242],[-89.34350742793202,43.09774441492303],[-89.34354976157857,43.0977532397892],[-89.34359214576699,43.097761931459694],[-89.34363458049485,43.09777049173468],[-89.3436770633053,43.09777892061244],[-89.34371959542749,43.097787217193634],[-89.34376217563408,43.097795380577246],[-89.34380480146588,43.09780341256182],[-89.34384747415326,43.09781131134785],[-89.34407848698655,43.097850763980595],[-89.34411664691095,43.09785682608401],[-89.34415484508641,43.09786275678634],[-89.3441930802856,43.0978685551865],[-89.34423135250827,43.09787422128456],[-89.34426966175303,43.09787975598055],[-89.34430800556542,43.097885157472525],[-89.34434638394285,43.09789042756068],[-89.34438479443084,43.097895564443085],[-89.34442323948566,43.09790056812148],[-89.3444617154211,43.09790543949328],[-89.34450022223702,43.09791017855853],[-89.34453875870588,43.097914784416275],[-89.3445773248275,43.09791925706647],[-89.34461591937342,43.097923596508245],[-89.34465454111503,43.09792780274077],[-89.34469318882495,43.09793187486305],[-89.3447318625007,43.09793581467527],[-89.34477056214426,43.097939620377225],[-89.3448092852977,43.097943292867264],[-89.34484803196194,43.09794683124536],[-89.3448867996801,43.097950235509735],[-89.34492558967914,43.097953506561396],[-89.34519270046736,43.09797440596192],[-89.34523407425817,43.09797713498735],[-89.34527546295875,43.09797973079324],[-89.34531686656891,43.09798219337946],[-89.34535828508713,43.097984523646154],[-89.34539971728603,43.097986720692326],[-89.34544116193716,43.09798878451721],[-89.34548261904123,43.09799071422069],[-89.34552408736752,43.097992511602015],[-89.34556556568856,43.09799417576039],[-89.34560705277589,43.09799570669493],[-89.34564854985744,43.09799710440641],[-89.34569005447752,43.09799836799315],[-89.34573156663468,43.09799949835518],[-89.34577308387108,43.09800049639095],[-89.34581460864518,43.098001360301964],[-89.34585613604358,43.09800209008485],[-89.34589766852034,43.098002687541495],[-89.34593920484913,43.09800315087088],[-89.34598074257208,43.09800348097144],[-89.34602228168883,43.09800367784315],[-89.34606382220022,43.098003740585995],[-89.34610536287552,43.0980036709993],[-89.34614690248839,43.098003467282034],[-89.34618843981025,43.0980031294334],[-89.34622997606691,43.09800265925441],[-89.34627150757548,43.09800205494244],[-89.34631303556286,43.09800131739837],[-89.34635455880154,43.0980004457213],[-89.34639607728913,43.097999441711515],[-89.34643758857092,43.09799830356709],[-89.34647909264453,43.09799703308826],[-89.34652058828357,43.09799562847406],[-89.3465620767149,43.09799409062538],[-89.34660355425343,43.09799241953979],[-89.34664502090007,43.09799061431722],[-89.34668647788051,43.09798867675864],[-89.3467279215108,43.097986605961644],[-89.34676935301783,43.09798440282703],[-89.34681077117524,43.097982065553865],[-89.34685217475344,43.09797959504146],[-89.34689356252271,43.09797699218908],[-89.34693493448394,43.09797425609671],[-89.34697629063687,43.097971386764286],[-89.34701762852345,43.097968385090354],[-89.34705894814358,43.09796525107496],[-89.34710024827076,43.097961982917106],[-89.34714152890155,43.09795858331707],[-89.34718278880955,43.0979550504739],[-89.34722402676509,43.097951385286855],[-89.34726524276795,43.09794758775606],[-89.34730643558956,43.09794365788064],[-89.34734750323284,43.097939636098516],[-89.34738854890962,43.09793549277385],[-89.34742957016412,43.09793122700503],[-89.3474705694516,43.09792683969381],[-89.34751154308587,43.09792233173787],[-89.34755249106884,43.097917701337025],[-89.34759341339922,43.097912949391464],[-89.34763431007676,43.097908075901174],[-89.34767517864358,43.09790308176465],[-89.34771601910055,43.09789796608193],[-89.34775683144736,43.09789272885289],[-89.34779761322622,43.097887370976196],[-89.3478383668934,43.097881892453394],[-89.34787908876497,43.09787629238206],[-89.34791978006781,43.09787057166316],[-89.3479604395735,43.09786473029586],[-89.34800106605233,43.09785876917951],[-89.34804165827806,43.09785268651315],[-89.34808147901937,43.09784669964344],[-89.3481212618336,43.09784058222097],[-89.34816100672364,43.09783433154548],[-89.34820071245773,43.097827950316486],[-89.34824037903678,43.09782143763392],[-89.34828000400397,43.09781479349627],[-89.34831958858614,43.097808018804436],[-89.34835913032884,43.097801111756716],[-89.34839862922848,43.097794075053436],[-89.34843808528697,43.09778690689447],[-89.34847749604648,43.097779608178314],[-89.34851686027741,43.09777217980435],[-89.34855617920888,43.097764620873335],[-89.34859545161235,43.09775693138452],[-89.34863467625823,43.09774911223722],[-89.34867385069091,43.09774116252987],[-89.34871297736444,43.09773308406426],[-89.34875205259493,43.097724875937956],[-89.34879107761031,43.097716538151836],[-89.34883005118112,43.097708071605275],[-89.34886897085163,43.09769947539657],[-89.34890783784775,43.09769075132685],[-89.34894665094302,43.09768189759516],[-89.34898540890697,43.09767291600095],[-89.34902411051094,43.09766380654349],[-89.34906275575592,43.09765456832273],[-89.34910134464053,43.097645202238866],[-89.34913987470703,43.09763570919044],[-89.3491783447279,43.09762608827665],[-89.3492167559312,43.09761633949832],[-89.3492551070864,43.09760646465496],[-89.34929339696711,43.097596461945635],[-89.34933162434271,43.097586333169765],[-89.34936978798576,43.097576077426616],[-89.3494078891233,43.09756569561711],[-89.34944592529851,43.097555187739694],[-89.34948389651022,43.09754455469462],[-89.34952180153205,43.09753379468087],[-89.34955964036062,43.0975229103989],[-89.34959741176952,43.097511900047714],[-89.34963511452823,43.09750076542691],[-89.34967274740931,43.09748950563556],[-89.34971031163984,43.09747812157465],[-89.34974780476301,43.09746661324271],[-89.34978522677862,43.097454980639824],[-89.3498225764583,43.097443223765225],[-89.34985985379967,43.09743134441918],[-89.34989705634814,43.09741934080005],[-89.34993418532974,43.097407214708966],[-89.34997123951703,43.09739496524495],[-89.35000821645116,43.09738259420682],[-89.35004511736234,43.097370099795235],[-89.35008194102004,43.09735748380961],[-89.3501186874241,43.09734474625013],[-89.35015535289052,43.097331886214356],[-89.35019193987367,43.09731890550413],[-89.35022844714504,43.09730580411881],[-89.350264872249,43.09729258115678],[-89.35030121518328,43.09727923841835],[-89.35033747594875,43.097265775003436],[-89.35037365331601,43.097252191811485],[-89.35040974605651,43.09723848884178],[-89.35044575417021,43.097224666094505],[-89.35048167642654,43.09721072536898],[-89.35051751282745,43.0971966648652],[-89.35055326214244,43.09718248638276],[-89.35058892314413,43.09716818902067],[-89.35062449705855,43.09715377458015],[-89.35065998020286,43.097139241258695],[-89.35065889468488,43.09691000779618],[-89.35070553341352,43.09559815375437],[-89.35072031624287,43.09521283127183],[-89.35076275324916,43.09386284414846],[-89.35080030070945,43.092958686651265],[-89.35152392038847,43.0928042024902],[-89.35153242148573,43.09280238773745],[-89.35143704735805,43.092779766902375],[-89.35142403507346,43.09277631867416],[-89.35141126896207,43.09277240524503],[-89.35139877971719,43.092768036535176],[-89.35138660048744,43.0927632233664],[-89.35137475705127,43.09275797745599],[-89.35136328132808,43.09275231052519],[-89.35135219909205,43.09274623789172],[-89.35134153734771,43.0927397730739],[-89.35133132186921,43.092732931389534],[-89.35132157719934,43.09272573085593],[-89.35131232788304,43.09271818769018],[-89.35130359600569,43.092710320808244],[-89.35129540242552,43.092702148225115],[-89.35128776676935,43.09269369065534],[-89.35128070743686,43.0926849679127],[-89.35109095532329,43.092476679544795],[-89.35103311872292,43.09240828279815],[-89.35102450703471,43.092395329503816],[-89.35101651336636,43.092382164169614],[-89.35100914752314,43.092368803903575],[-89.3510024205405,43.092355264014536],[-89.35099633976837,43.092341560708846],[-89.35099091132635,43.09232771199252],[-89.35098614256634,43.09231373227169],[-89.35098203837873,43.09229964045174],[-89.35097860611438,43.092285451838904],[-89.35097584698019,43.092271184436],[-89.35097376586742,43.0922568562482],[-89.35097236644138,43.092242483479545],[-89.35097164745368,43.09222808323123],[-89.35097161256633,43.09221367440764],[-89.35097225930487,43.09219927230891],[-89.35097682314982,43.09206573630089],[-89.35099562354246,43.091733125900696],[-89.35102101909686,43.091265650363624],[-89.35102940921621,43.09101794349371],[-89.35105357597881,43.090304368884794],[-89.34996340233202,43.09035971631919],[-89.34987817701588,43.08961985553806],[-89.34979290236514,43.08892466475526],[-89.34979084050438,43.088861999345426],[-89.34975716246818,43.08852311713781]]]},"properties":{"NAME":"City of Madison","WardNumber":"19","AldDistrict":"15","SupDistrict":"6","AsmDistrict":"76","WardID":"0019"}},{"type":"Feature","geometry":{"type":"Polygon","coordinates":[[[-89.36383789552326,43.11016762903851],[-89.3638508680386,43.109504682686826],[-89.3655100930703,43.10951559479079],[-89.36565467913381,43.10982828800758],[-89.36567291532663,43.109865648339905],[-89.36569181264937,43.10990283167635],[-89.36571136742327,43.10993983171394],[-89.36573157719725,43.10997664305076],[-89.36575243706487,43.11001325848312],[-89.36577394457495,43.11004967260896],[-89.3657960960486,43.110085879125386],[-89.365818887807,43.11012187172954],[-89.36584231494274,43.11015764411797],[-89.36586637500534,43.110193189988394],[-89.3658910630856,43.11022850483751],[-89.36591637550544,43.1102635814624],[-89.36594230735638,43.11029841445951],[-89.36596885495936,43.11033299752609],[-89.36599601340676,43.11036732435849],[-89.36602377778922,43.110401390453525],[-89.3660521444276,43.11043518950821],[-89.36608110718554,43.110468715218424],[-89.36611066361073,43.110501963082],[-89.3661408051097,43.11053492679365],[-89.36617152923172,43.110567600051056],[-89.36620282983776,43.11059997925031],[-89.36623470324933,43.11063205718833],[-89.3662671408712,43.11066382936003],[-89.36630014025239,43.11069528946304],[-89.36633369402531,43.11072643389293],[-89.36628770361966,43.110754852699635],[-89.36624126265824,43.11078287522486],[-89.3661943785151,43.11081049877137],[-89.36614705610869,43.110837718840614],[-89.36609930281313,43.11086453273536],[-89.36605112477643,43.110890935057505],[-89.36600252937275,43.110916923109784],[-89.36595352274855,43.110942493294374],[-89.36590411105034,43.11096764201338],[-89.36585430288173,43.11099236567015],[-89.36580410193133,43.11101666156562],[-89.36575351803145,43.11104052610383],[-89.36574163361668,43.111046635500834],[-89.36573016897884,43.11105316184849],[-89.36571914993301,43.11106008805784],[-89.36570860352197,43.111067397940616],[-89.36569855433233,43.11107507440721],[-89.36568902695076,43.11108310036808],[-89.36568004228081,43.11109145603148],[-89.36567162245531,43.111100120706354],[-89.36566378714859,43.11110907550042],[-89.36565655480884,43.11111829882063],[-89.36564994388515,43.111127768173745],[-89.36564396791077,43.11113746286434],[-89.36563864165167,43.11114735769717],[-89.36563397741354,43.11115743107598],[-89.36562998750529,43.11116765780429],[-89.36562668054776,43.11117801538401],[-89.36562406393662,43.11118847771603],[-89.36562214506503,43.111199021401504],[-89.36562092764308,43.111209620339515],[-89.36562041415048,43.11122025022874],[-89.36562060583859,43.111230886767125],[-89.36562150273262,43.111241502951835],[-89.3656231036268,43.11125207447955],[-89.36562540240108,43.111262577044755],[-89.3656283953934,43.11127298544274],[-89.36563207525514,43.111283275367306],[-89.36563643341003,43.1112934216114],[-89.36564146005148,43.11130340076759],[-89.36564714168809,43.11131318852649],[-89.36565346482594,43.111322763279055],[-89.36566041720133,43.11133210161659],[-89.36611733156468,43.11195495207036],[-89.36658023816979,43.112662151581645],[-89.36658436011369,43.1126715793951],[-89.36658914687307,43.112680837413116],[-89.36659458495669,43.112689900426346],[-89.3666006596438,43.11269874412494],[-89.3666073537566,43.112707344197815],[-89.36661464888768,43.11271567723345],[-89.36662252785744,43.112723720721],[-89.36663096611403,43.11273145304608],[-89.36663994279122,43.11273885259611],[-89.36664943333453,43.11274590045707],[-89.3666594119618,43.11275257681416],[-89.36666985043189,43.11275886365167],[-89.36668072173151,43.11276474385448],[-89.36669199638933,43.11277020120653],[-89.36670364247512,43.11277522129053],[-89.36671563051418,43.11277979149091],[-89.36672792611917,43.112783897389214],[-89.36674049612716,43.11278752906831],[-89.36675330860373,43.1127906766115],[-89.36676632669855,43.11279333190002],[-89.36677951601847,43.11279548681633],[-89.36679283971061,43.11279713594194],[-89.36680626337845,43.112798274759626],[-89.36681974893905,43.112798899650585],[-89.3668332619918,43.11279901059814],[-89.36684676322338,43.112798605783084],[-89.36686021823246,43.112797686088896],[-89.36687358892952,43.112796255097614],[-89.3668868409107,43.11279431639293],[-89.36689993608572,43.11279187445698],[-89.36691284004674,43.11278893737418],[-89.36692551838759,43.112785511428555],[-89.36698336894482,43.11277274177452],[-89.36704102210102,43.11275949944549],[-89.3670984692525,43.112745787137904],[-89.3671557042544,43.11273160574911],[-89.36721271973171,43.112716957976346],[-89.36726950831097,43.112701844716334],[-89.36732606384578,43.112686268666806],[-89.36738237896282,43.11267023072469],[-89.36743844505851,43.11265373358648],[-89.36749425721585,43.112636779050405],[-89.36754980683146,43.112619369813046],[-89.36760508898836,43.11260150767257],[-89.36766009508393,43.112583194425405],[-89.36771481897203,43.11256443276949],[-89.36776925327779,43.112545225401846],[-89.36782339308445,43.11252557412079],[-89.36787722856015,43.11250548162234],[-89.36793075601665,43.11248494970542],[-89.36817306664848,43.112388260736225],[-89.36819908967661,43.112377739184794],[-89.36822544155909,43.112367666030586],[-89.3682521063202,43.112358046666365],[-89.36827907044294,43.11234888468608],[-89.36830631795081,43.112340186382525],[-89.3683338353261,43.112331956249726],[-89.36836160782333,43.11232419788083],[-89.36838961946616,43.11231691756892],[-89.36848438076372,43.11228972515099],[-89.36841702635802,43.11218223819513],[-89.36898280515729,43.111997834292964],[-89.36905614739409,43.1119715180364],[-89.36912920981345,43.11194478755863],[-89.36920198750009,43.1119176428578],[-89.3692744755362,43.111890086632584],[-89.36930100440577,43.11187947955466],[-89.36932788053532,43.11186935328254],[-89.36935508794943,43.11185971320925],[-89.36938261067188,43.11185056562782],[-89.36941043272728,43.11184191593125],[-89.36943853445526,43.11183376861077],[-89.36946690110841,43.11182612995998],[-89.36949551548352,43.11181900447133],[-89.3695243603791,43.111812394836974],[-89.3695534185914,43.11180630644945],[-89.36958267046097,43.11180074289988],[-89.36961210124352,43.11179570688167],[-89.36964169127977,43.11179120198604],[-89.36967142336819,43.11178723090527],[-89.36970128030748,43.11178379633166],[-89.36973124244071,43.11178089915617],[-89.36976129379505,43.1117785420717],[-89.36979141348417,43.11177672686883],[-89.37031996890936,43.11176267860098],[-89.37033366656998,43.11176214294994],[-89.37034731058921,43.11176111492002],[-89.37036087025061,43.11175959719775],[-89.3703743123803,43.11175759246834],[-89.37038760257471,43.11175510521678],[-89.37040071011346,43.11175214262997],[-89.37041360304835,43.111748710994235],[-89.37042624942843,43.11174482019623],[-89.37043861976179,43.1117404774235],[-89.37045068332456,43.111735694363475],[-89.37046241185057,43.111730481804635],[-89.3704737758421,43.11172485413532],[-89.37048474826092,43.111718823044626],[-89.37049530329365,43.11171240472282],[-89.37050541390043,43.11170561265922],[-89.37051505672291,43.11169846574543],[-89.37060626591968,43.11162991772419],[-89.3707139384117,43.11155008352229],[-89.37036910223986,43.111358314418],[-89.37011516548077,43.11121352300862],[-89.36990033151665,43.111091025398714],[-89.36985986084495,43.111069286666016],[-89.36981915042999,43.11104778903519],[-89.36977070697901,43.111022680260284],[-89.36972193771224,43.110997912452106],[-89.36967284631257,43.11097348831214],[-89.36962343892142,43.11094940874297],[-89.3695737192217,43.11092567644612],[-89.369523692124,43.11090229502386],[-89.3694733613135,43.11087926447749],[-89.36942057397484,43.11085563241171],[-89.36936746692345,43.11083238721554],[-89.36920010058404,43.11075948031321],[-89.36914700687655,43.11073662476241],[-89.36909597884231,43.11071465764067],[-89.36888006958719,43.11062377890758],[-89.3688374088142,43.11060520263165],[-89.36879511578793,43.11058617916323],[-89.36875320033323,43.11056671300765],[-89.36871167104735,43.11054680776992],[-89.36866994954357,43.11052617334863],[-89.36862864124127,43.110505096257754],[-89.36858775719377,43.11048358100339],[-89.36854730476945,43.11046163118987],[-89.36850729256386,43.11043925222221],[-89.36846772917232,43.11041644950548],[-89.36842862442018,43.110393226645215],[-89.36838998444574,43.11036958904519],[-89.36835181784413,43.11034554211066],[-89.36831413321143,43.11032109034654],[-89.36827693914267,43.11029623915792],[-89.3682402430045,43.11027099394944],[-89.36820405216417,43.110245359225374],[-89.36816837521512,43.110219342191115],[-89.36813321829683,43.11019294645042],[-89.36809859000262,43.110166179208576],[-89.36806449769962,43.11013904497003],[-89.36803094752487,43.11011155003888],[-89.36799794807304,43.11008369982018],[-89.36796550425261,43.11005550061744],[-89.36793362588587,43.110026958736526],[-89.36790540558563,43.11000316299274],[-89.3678777114071,43.10997903715601],[-89.36785055071428,43.10995458933105],[-89.36782392841695,43.109929824020995],[-89.3677981096206,43.10990502938331],[-89.36777279109877,43.109879957747665],[-89.36774798144448,43.10985461631927],[-89.36772368311125,43.10982900869998],[-89.36769990346355,43.10980314209444],[-89.36767664618245,43.10977702100515],[-89.36765391740475,43.109750651736064],[-89.36763172203841,43.10972404059053],[-89.36761006376538,43.10969719117093],[-89.36802924371543,43.10926687568382],[-89.36805992511232,43.10922854696291],[-89.3680902994606,43.1091900857741],[-89.36813303114121,43.10913507852851],[-89.36817513275085,43.10907981084102],[-89.36821660182973,43.10902428721162],[-89.36825743591888,43.10896851124021],[-89.36829763133002,43.108912487426274],[-89.36833718560513,43.10885621846952],[-89.36837609751218,43.108799709770686],[-89.36841436090765,43.10874296402774],[-89.36845197701753,43.10868598574248],[-89.36848893969666,43.10862877941309],[-89.36852524894415,43.108571347740465],[-89.36856090107125,43.10851369612411],[-89.36858037101962,43.108484658208646],[-89.3685993435639,43.10845544363767],[-89.36861781747065,43.108426058711665],[-89.36863578782409,43.10839650612883],[-89.36865325339167,43.10836679128932],[-89.36867020925605,43.10833691869168],[-89.36868425640021,43.108310862944],[-89.36869763662577,43.10828461966255],[-89.36871034378312,43.108258197845664],[-89.36872237540906,43.10823160559325],[-89.36873372535167,43.10820485460389],[-89.36874438992089,43.108177951176806],[-89.36875436787798,43.10815090791291],[-89.3687636518475,43.108123731109636],[-89.3687722418193,43.108096433368544],[-89.36878013287401,43.10806902188824],[-89.36878732377556,43.108041506569336],[-89.36879381082987,43.10801389821142],[-89.36879959280162,43.107986205815074],[-89.3688046659977,43.10795843927965],[-89.36880902918271,43.10793060760569],[-89.36881268234907,43.10790272069434],[-89.36881562303127,43.107874789345665],[-89.3688178499941,43.107846822560134],[-89.36881936323061,43.10781882933873],[-89.36882016150322,43.107790821382274],[-89.36882024480579,43.10776280679149],[-89.36881961313077,43.107734795467536],[-89.36881826646973,43.10770679821159],[-89.36881620481499,43.10767882492462],[-89.3688134306175,43.10765088370865],[-89.36880994386802,43.10762298626491],[-89.368805745789,43.10759514069472],[-89.36877018772161,43.10736888102326],[-89.36876712327556,43.10734700992603],[-89.36876342366568,43.10732519253789],[-89.3687590937994,43.10730343696209],[-89.36875413366799,43.10728175399965],[-89.36874854572119,43.10726015265259],[-89.36874233363574,43.10723864372367],[-89.36873549986124,43.107217236215],[-89.36872804561831,43.10719594002808],[-89.3687199770419,43.107174764166565],[-89.36862916781608,43.10694609604753],[-89.36861316365982,43.1069119865629],[-89.36859656235411,43.10687803161295],[-89.36857936635275,43.10684423569904],[-89.3685615768796,43.1068106051221],[-89.36854319761697,43.106777144384196],[-89.36852423101622,43.1067438606869],[-89.3685046819881,43.106710758532756],[-89.36848455298556,43.10667784332317],[-89.36846384646074,43.10664512135965],[-89.36844256609575,43.10661259714417],[-89.36826077940401,43.106350545430274],[-89.36824060852064,43.10632223955553],[-89.36821981830452,43.10629417551119],[-89.36819841366298,43.10626636140019],[-89.36817639950564,43.10623880262505],[-89.36815378196734,43.106211508189425],[-89.36813056595687,43.106184484395754],[-89.36810676006749,43.106157738448715],[-89.36808236797945,43.10613127665028],[-89.36805739705666,43.10610510710442],[-89.36803185343705,43.10607923521423],[-89.36800574325594,43.106053669083224],[-89.36797907510807,43.10602841411558],[-89.36795185390119,43.10600347751406],[-89.36792408822816,43.105978866483106],[-89.36789578545599,43.105954585526355],[-89.36786695049221,43.10593064184645],[-89.3678375931581,43.105907042648525],[-89.36824370985644,43.1055826892843],[-89.3682598471867,43.10556941414811],[-89.36827573282305,43.1055559768735],[-89.36829136430705,43.105542379259575],[-89.36850245756003,43.105387512258275],[-89.36860935842385,43.10538862807454],[-89.36913554684924,43.10540639092754],[-89.36912263423041,43.105343045062405],[-89.36910911092424,43.10526711554515],[-89.36909558227437,43.10519740839864],[-89.36908712442475,43.105156331212626],[-89.36907356984672,43.105115251660166],[-89.36905662407375,43.10506794635504],[-89.36903118284728,43.105023127671714],[-89.36900235261004,43.10496959446046],[-89.36897520393292,43.104934730952145],[-89.36894976174302,43.104891156184244],[-89.36892264658105,43.10481770908483],[-89.36891418350304,43.10478285515713],[-89.36890231737979,43.10475546775579],[-89.36888875221685,43.10472683382636],[-89.36887348723205,43.104700689674054],[-89.36884124111104,43.10466831342782],[-89.36881238417376,43.10464589563582],[-89.36878521843676,43.104630947637766],[-89.36875974526467,43.104624712470816],[-89.36874445747895,43.104623460496704],[-89.36872067656935,43.10462344938801],[-89.36870029548099,43.10461970625758],[-89.36869010873116,43.10461347821905],[-89.36868162196666,43.10460600613912],[-89.36867483952359,43.10459231157889],[-89.36867145596385,43.104577374672516],[-89.36866806684063,43.10456741620476],[-89.36866297788167,43.10455994481236],[-89.36863920350486,43.10455246647775],[-89.36861202808396,43.10454871925187],[-89.3685933448386,43.104546221732626],[-89.36856616507826,43.10454745293519],[-89.36855257526815,43.104548691401824],[-89.3685219945898,43.10455490034137],[-89.3685117959073,43.104562363670226],[-89.36849819725046,43.1045723150737],[-89.36848290091989,43.10458226477882],[-89.36845401585106,43.10459220810192],[-89.3684234339127,43.104598417014515],[-89.36840474753022,43.10460089790436],[-89.36838775772766,43.10460462352407],[-89.36835378465916,43.104604607547],[-89.36833000266574,43.104605841192],[-89.36830112288199,43.10460831726705],[-89.36827734307062,43.10460706123141],[-89.36823996892417,43.104610777224224],[-89.36821108708276,43.10461698688157],[-89.36818730836325,43.10461448689252],[-89.36815163967451,43.10461073554921],[-89.36811087552029,43.104606982687145],[-89.3680871000971,43.10460074817274],[-89.36805313141741,43.10459575366716],[-89.36802935271328,43.10459325274518],[-89.3679902741716,43.10460319112659],[-89.36797157775545,43.104615628823765],[-89.36796817129974,43.10462682892788],[-89.3679664647107,43.1046355410667],[-89.367973250426,43.10464674599972],[-89.36799872023369,43.104656715846126],[-89.36801400472041,43.10466170152416],[-89.36802928688392,43.10466793203441],[-89.36805304807076,43.10469034671325],[-89.36806832257122,43.10470528926182],[-89.36808019392521,43.104727699211296],[-89.36808525761971,43.10476379642946],[-89.36809201693731,43.10480362805458],[-89.36809367091169,43.10485465988348],[-89.36809193912887,43.10489199872334],[-89.36806642193075,43.104934304757315],[-89.36803581139132,43.10497411960474],[-89.36801200839597,43.1049990014436],[-89.36798480756075,43.105023880768016],[-89.36795591561106,43.10504129297313],[-89.36791852688917,43.1050611890121],[-89.36789133698741,43.105073622666914],[-89.36785055823229,43.105086049863765],[-89.36780808385252,43.10509474263464],[-89.36776051615603,43.105100943296904],[-89.36770446284001,43.10509842695301],[-89.36765180833461,43.10509342343109],[-89.3676025549806,43.10508468700157],[-89.36755160826185,43.10506972736626],[-89.36750236048023,43.10505476761998],[-89.36745990824666,43.105038567167384],[-89.36741236829987,43.10501365131702],[-89.36736260883607,43.1049788675112],[-89.36728675522038,43.10491526353675],[-89.36725281759225,43.10487541882103],[-89.36722228672754,43.104825617948805],[-89.36718665362982,43.10478203789239],[-89.36715781496527,43.10473846109201],[-89.36714933951866,43.10471854325088],[-89.36714765856996,43.10469987261249],[-89.36715106629518,43.104687426797994],[-89.36715617191769,43.104677472370724],[-89.36716128745736,43.104655071394575],[-89.3671579141823,43.10462768699482],[-89.36715624215184,43.10459905947772],[-89.36714949449936,43.10454553641212],[-89.36713935486954,43.104488277207714],[-89.36715101901484,43.104433028507735],[-89.36716758007421,43.1043936985921],[-89.36719880355274,43.10435697700336],[-89.36725332394688,43.10430910267722],[-89.3672984987925,43.10427604485517],[-89.36730431665906,43.10427178748201],[-89.36734171176703,43.104244422631126],[-89.36737741671699,43.10420585613954],[-89.36740462076675,43.10417724155073],[-89.3674250314635,43.10414613493373],[-89.36744545334855,43.104103826599086],[-89.36746077300992,43.10406773909789],[-89.36750159769674,43.10400303706946],[-89.3675203161706,43.103965706348326],[-89.36753734016962,43.10392339637265],[-89.36754077778352,43.103878590235844],[-89.36754896967668,43.103833365122746],[-89.36755619029718,43.10373795187948],[-89.36756814868926,43.10366203431881],[-89.36760222505785,43.103543808298255],[-89.36765496660846,43.10344924033821],[-89.36771279894892,43.103359652318254],[-89.36775530632586,43.10331237599133],[-89.36779270823617,43.103275054106696],[-89.36782670382286,43.10325017714815],[-89.36786052311852,43.10323292932725],[-89.36790317440462,43.103211628944194],[-89.36794566285253,43.10318551204299],[-89.36798304603357,43.10317059352874],[-89.36801023384679,43.103158159847155],[-89.36805440571815,43.10314946870192],[-89.36808837907853,43.103148239932665],[-89.36812404801026,43.103150746461516],[-89.36813253669646,43.1031557289144],[-89.36814271973071,43.10316444577386],[-89.36815459738207,43.10317938761107],[-89.36815798744031,43.10318810126143],[-89.36815457111197,43.10320925915479],[-89.36815116572868,43.10321796959633],[-89.36813416205736,43.10323787623631],[-89.36812736236463,43.10324409630248],[-89.36811885942781,43.1032552940061],[-89.36810695889626,43.10326773493909],[-89.36809845485652,43.10328017747627],[-89.36809844609019,43.103290135257396],[-89.36810013290093,43.10330382654675],[-89.36810691726448,43.10331503237414],[-89.36812049257244,43.103329974116676],[-89.36814084582606,43.103364833729174],[-89.36816290549527,43.103389737258524],[-89.368186666236,43.10341215281502],[-89.3682070348637,43.10342958742386],[-89.36823419323599,43.1034507588373],[-89.36826814818984,43.103470689511376],[-89.36828512567538,43.10348065439455],[-89.36833267474569,43.103495613909715],[-89.36836154623528,43.10350060503607],[-89.36839381655608,43.10350435381746],[-89.36843458449138,43.103504372974975],[-89.36849573502464,43.10350315774785],[-89.36853990490206,43.10349695518599],[-89.36857898033799,43.10348826054939],[-89.36862486642504,43.10346214498917],[-89.36866565912675,43.103432291621345],[-89.36870816459279,43.10338501494075],[-89.36873199065117,43.10333399501261],[-89.36876097696765,43.10320829904937],[-89.36878823928193,43.10310998415648],[-89.36881043104195,43.10298304016893],[-89.36882355559578,43.102934378883475],[-89.36883258502752,43.10290090394307],[-89.36885301726763,43.10284365912412],[-89.36884570841687,43.10275874675631],[-89.36884571956688,43.10275863784958],[-89.36840217284472,43.10275417906619],[-89.36832603331055,43.102753799415794],[-89.36741763173612,43.1027444788657],[-89.3673231419897,43.10274350920068],[-89.36590995417983,43.102728992017674],[-89.36536970353713,43.102723437875134],[-89.3652202061958,43.102722067409104],[-89.36452870837682,43.102718586940256],[-89.36439164653164,43.10271789583101],[-89.3647862053205,43.10212634102074],[-89.36478535120096,43.10212414435242],[-89.36519204701443,43.101512856811986],[-89.3653332551217,43.101512697531625],[-89.3671570429383,43.10151062781164],[-89.36716331948473,43.101301151825055],[-89.36817155601443,43.10131184922137],[-89.36817133421205,43.101318233514824],[-89.36816404022984,43.10152782968716],[-89.36924661940459,43.10154002164951],[-89.3693230392132,43.10143990933331],[-89.3693435049241,43.10134408080876],[-89.36936053122294,43.10129679209908],[-89.3693860447933,43.10125448484751],[-89.36943026747024,43.101184805223],[-89.369494918244,43.1011170657006],[-89.36952783269706,43.10111744359251],[-89.36955692516088,43.1010568641496],[-89.3696121722981,43.10099819142625],[-89.36966826025572,43.1009558981536],[-89.36971417694274,43.10089119763805],[-89.36977032100995,43.1007829379216],[-89.36980603108277,43.100735657698365],[-89.36985872426455,43.10068963006785],[-89.36986085698109,43.10068781014384],[-89.36991991660985,43.10063738301414],[-89.36995732633027,43.10058885778248],[-89.36997435617846,43.10053659053183],[-89.36999138494023,43.100485568113896],[-89.3700219879231,43.10045197599018],[-89.37004069621882,43.100422112946774],[-89.37009169878988,43.10036737148196],[-89.37015630486795,43.10029396633579],[-89.37022091184464,43.10021931631624],[-89.37027364230912,43.10012972553533],[-89.37030427105823,43.10006377300028],[-89.37035023156393,43.09994555147456],[-89.37038426799151,43.09986590905908],[-89.37041491345053,43.099781286652366],[-89.37046938374635,43.0996406654666],[-89.37049660527876,43.09958715789905],[-89.37052043761923,43.09952369100217],[-89.37054258075108,43.09945026644513],[-89.3705681272478,43.09936688652611],[-89.37057328606137,43.09929096552454],[-89.37056998180084,43.09918143371659],[-89.37057003512712,43.09911795697517],[-89.37056670873872,43.09903331918596],[-89.37055997146075,43.09896610486909],[-89.37054602473289,43.09892586055838],[-89.3705338327521,43.0989066838506],[-89.37053245121717,43.098904859626685],[-89.37050911511615,43.09885032920383],[-89.370498958457,43.09880925040642],[-89.3704820457941,43.098723361634875],[-89.3704719247916,43.09863996560279],[-89.37046860922132,43.09854412607765],[-89.37046697020894,43.09847317954328],[-89.37048062357736,43.098394772699244],[-89.3704908890659,43.09830640742766],[-89.37050451619349,43.09825911698626],[-89.37052494551601,43.09820311665678],[-89.37054028387024,43.098140890741114],[-89.37056411769602,43.098074935045545],[-89.37060326272834,43.09798035860074],[-89.37062709746898,43.0979131580537],[-89.3706441437568,43.097839731158636],[-89.3706628947914,43.097757592969586],[-89.37066975015937,43.09768540541584],[-89.37066471248117,43.09761570307987],[-89.37066474587851,43.09757587461303],[-89.37065122237708,43.09749994426864],[-89.37063767366305,43.09745264156065],[-89.37059695172486,43.097404081764466],[-89.37055960947038,43.097376682107175],[-89.37048272722855,43.09735745637798],[-89.37047347095178,43.09735602373749],[-89.37041005079118,43.097348248802824],[-89.37032549169238,43.09733659022694],[-89.3702233121309,43.09732750597164],[-89.37013522372006,43.09732230116281],[-89.37005418971125,43.09730935324803],[-89.3699238224079,43.09729767439427],[-89.36984631665307,43.09727827153308],[-89.36977233057189,43.09726532664253],[-89.36971067867285,43.0972510966196],[-89.36966136303546,43.09723170655869],[-89.36962965908027,43.09722007262069],[-89.36960323939375,43.09721102258674],[-89.36958210826863,43.09719810095183],[-89.36955745214554,43.097186470233865],[-89.3695363232505,43.09717096710717],[-89.36952752186285,43.09716192516162],[-89.36951696234186,43.09714771763736],[-89.36950815985303,43.097139967332005],[-89.36949936068828,43.09712834300093],[-89.36949584355581,43.097121885870465],[-89.36949056041989,43.097118009410735],[-89.36947472897704,43.09708830694829],[-89.36947267449555,43.097059197696275],[-89.36946508994693,43.09705920770313],[-89.36924895795015,43.09705948955037],[-89.3690184048642,43.097059794892594],[-89.36899318362875,43.097059829074844],[-89.36896321637062,43.097059868244756],[-89.36836673182437,43.097060657641656],[-89.36833187044886,43.09706010117879],[-89.36821097282552,43.09706086060023],[-89.36577353059961,43.10068720199013],[-89.3653669748531,43.101292015545006],[-89.36525669331857,43.10125119257274],[-89.36521635599755,43.101309004723156],[-89.36504812413617,43.101550115719135],[-89.36501857718393,43.101592462292984],[-89.36496204740021,43.101675127877414],[-89.36487778750225,43.10179834788218],[-89.36471002932745,43.10204366745794],[-89.3644583907847,43.10241164499026],[-89.36423040548523,43.10275345457137],[-89.36422145144734,43.102766878601365],[-89.36421603153882,43.1027750055429],[-89.36421432912692,43.102776177508474],[-89.36410490146004,43.102919017109826],[-89.36398184835735,43.10307966711678],[-89.36395316965137,43.10427939053327],[-89.36390318539587,43.10683074256033],[-89.36212237883625,43.10683092979739],[-89.3621503679239,43.106926644654195],[-89.36217192423216,43.10700036224646],[-89.36219969920882,43.107095343396345],[-89.36224640052829,43.10723768408009],[-89.36229648464983,43.107379406344045],[-89.36234993689668,43.107520466071364],[-89.3623852210525,43.10760764814814],[-89.36240674136121,43.10766082094444],[-89.36246688213535,43.10780042864555],[-89.36253033716882,43.10793924595323],[-89.3625970905533,43.10807722964908],[-89.36266712146235,43.10821434011235],[-89.36274040661623,43.1083505332201],[-89.3628169264166,43.10848576845168],[-89.36289665512268,43.108620004382836],[-89.36317643089448,43.10908003204316],[-89.36369000348661,43.10992446614885],[-89.36371950697743,43.10997297575149],[-89.36383789552326,43.11016762903851]]]},"properties":{"NAME":"Village of Maple Bluff","WardNumber":"1","AldDistrict":null,"SupDistrict":"18","AsmDistrict":"76","WardID":"0001"}},{"type":"Feature","geometry":{"type":"Polygon","coordinates":[[[-89.385181112564,43.068597902281454],[-89.38514677036899,43.06862205084223],[-89.38508939534779,43.06866239468674],[-89.38508731228758,43.068663858479404],[-89.38508372711368,43.06866637940633],[-89.3842946206215,43.069221234284015],[-89.38430292202581,43.069327388944394],[-89.38428244228875,43.07025942757485],[-89.38428206852396,43.070284181193735],[-89.3842824007043,43.0703089350466],[-89.38428343883723,43.070333678332105],[-89.38428518047476,43.070358400248224],[-89.38428762807932,43.070383090894616],[-89.38429077797636,43.070407737668525],[-89.38429463017225,43.070432331568924],[-89.38429918221954,43.07045686089356],[-89.38430443167033,43.07048131484027],[-89.38454673273411,43.07067736535857],[-89.38483638487294,43.07089900186853],[-89.38512931217296,43.07111266108262],[-89.38514520702924,43.0711241542508],[-89.38526397204522,43.07120984468837],[-89.38550008383888,43.0713975922109],[-89.38599762003386,43.071778566416405],[-89.38712029312737,43.072630271529434],[-89.38760579709928,43.072283070555166],[-89.3878392085822,43.0721161483977],[-89.38889709855715,43.0713656970177],[-89.38903329714185,43.07126951556544],[-89.3906712430244,43.07011278626912],[-89.38955048254088,43.06926460766192],[-89.38869134009273,43.06861009278545],[-89.38823274926716,43.06825535266897],[-89.38822009463954,43.068236852679334],[-89.38820678920733,43.06821860002337],[-89.38819284278644,43.068200605504934],[-89.3881782651908,43.06818288352841],[-89.38816306500905,43.068165443997216],[-89.38814725205614,43.06814829951551],[-89.38813083737499,43.06813146178771],[-89.38811383323672,43.06811494161837],[-89.38809625068434,43.06809875071192],[-89.38807810076152,43.06808289897256],[-89.38805939573841,43.068067399005116],[-89.38791356328638,43.06796479306058],[-89.38784585058507,43.067920428230416],[-89.38783640690957,43.06792102396227],[-89.38782703297177,43.06792204906372],[-89.38782384685386,43.067922547663635],[-89.38781776314867,43.06792349994476],[-89.38780863427357,43.06792537121589],[-89.38779968195365,43.067927654786935],[-89.38779094179614,43.06793034256766],[-89.3877824457262,43.06793342466657],[-89.38777422812635,43.06793688759259],[-89.38758004128417,43.068083638590515],[-89.38755991510692,43.06810014309847],[-89.38754023686288,43.0681169348717],[-89.38752101637623,43.068134009412866],[-89.38750225856181,43.06815135952288],[-89.38743107442781,43.06822571977234],[-89.38645992250258,43.06892724291006],[-89.38641385073491,43.068960523334674],[-89.38638279200686,43.06898836731711],[-89.38635131107016,43.06901595372904],[-89.38631941038113,43.069043280770714],[-89.38628709485259,43.06907034484281],[-89.38625436817006,43.06909714144573],[-89.38605343150289,43.06923545733444],[-89.38599588107114,43.069196362036735],[-89.38593870533707,43.06915697249476],[-89.38588190552646,43.06911729230984],[-89.38582548409477,43.069077321483306],[-89.38576944595123,43.06903706271761],[-89.38571379109435,43.06899651871365],[-89.38566522964867,43.06896067458899],[-89.3856169679494,43.068924611814154],[-89.38556900845029,43.068888333090634],[-89.38526411666206,43.068660050669294],[-89.3852160199149,43.0686240381824],[-89.385181112564,43.068597902281454]]]},"properties":{"NAME":"City of Madison","WardNumber":"53","AldDistrict":"4","SupDistrict":"1","AsmDistrict":"76","WardID":"0053"}},{"type":"Feature","geometry":{"type":"Polygon","coordinates":[[[-89.3917314321978,43.073521106984295],[-89.3908789818412,43.07286208780928],[-89.39002402704031,43.07220942072661],[-89.38889709855715,43.0713656970177],[-89.3878392085822,43.0721161483977],[-89.38760579709928,43.072283070555166],[-89.38712029312737,43.072630271529434],[-89.3862237840224,43.07326277622026],[-89.38525827317206,43.07393685070946],[-89.3843707831622,43.073260989347695],[-89.38436146678069,43.0732548574655],[-89.384351681136,43.07324913047356],[-89.3843414618223,43.07324382728575],[-89.38433084197872,43.07323896591491],[-89.38431985597269,43.07323456347431],[-89.38430854062993,43.073230632577456],[-89.3842969352307,43.07322718763889],[-89.38428507782896,43.073224240372596],[-89.38427300770758,43.07322180069255],[-89.38426076537901,43.07321987581297],[-89.38424839258325,43.07321847294844],[-89.38423592860642,43.07321759661257],[-89.384223417647,43.073217249520205],[-89.38420989863896,43.073216956998],[-89.3841963756333,43.073217173030955],[-89.38418288669165,43.073217896731705],[-89.38416946619299,43.073219126311436],[-89.38415614851664,43.0732208590813],[-89.38414297049944,43.073223089653034],[-89.38412996529456,43.073225812637034],[-89.3841171672845,43.073229020843996],[-89.3841046108525,43.07323270528445],[-89.38409232915421,43.07323685696843],[-89.38408035289099,43.07324146510504],[-89.38406871399334,43.07324651620349],[-89.38405744439115,43.07325199857323],[-89.38404657355989,43.073257897822494],[-89.38403612852166,43.07326419685847],[-89.38402613752439,43.07327088128907],[-89.38312923201119,43.07390402132403],[-89.38221291848156,43.074548304255806],[-89.38220428459096,43.07455568207949],[-89.38219618581813,43.07456337962604],[-89.38218864550511,43.074571376201526],[-89.38218168208391,43.07457964930981],[-89.38217531521434,43.07458817645536],[-89.38216956332856,43.07459693514217],[-89.38216443994799,43.074605901972355],[-89.38215995982351,43.07461505084822],[-89.38215613647617,43.07462435927201],[-89.38215297851798,43.074633801143776],[-89.3821504945614,43.07464334946354],[-89.38214869198893,43.07465298083126],[-89.38214757573043,43.07466266734554],[-89.3821471505936,43.07467256832622],[-89.38214741426039,43.07468247314847],[-89.38214836674871,43.07469235480919],[-89.38215000562029,43.07470218720457],[-89.38215232597939,43.07471194693021],[-89.38215532293324,43.07472160608115],[-89.38215898667482,43.07473114125116],[-89.38216330862616,43.07474052723447],[-89.3821682789813,43.074749738824536],[-89.38217388179356,43.07475875351323],[-89.38218010602907,43.07476754609368],[-89.38218693205708,43.074776094956476],[-89.38219434515851,43.07478437759372],[-89.38219870353595,43.07478874461586],[-89.38220232447465,43.074792372395656],[-89.38221084914603,43.07480005865249],[-89.38221989708497,43.07480741655406],[-89.38308459988805,43.07546550419436],[-89.38211100353647,43.076141286325765],[-89.38233120679922,43.076310062283966],[-89.38322904822557,43.076997863571],[-89.3838621602181,43.07748363677671],[-89.3838730956281,43.077491579342755],[-89.38388454085465,43.077499127833796],[-89.38389646766832,43.07750626333797],[-89.38390884906592,43.077512969644374],[-89.38392165681573,43.07751923144156],[-89.38393486022973,43.0775250343175],[-89.38394842984653,43.07753036566083],[-89.38396233252222,43.077535211058695],[-89.38397653879372,43.07753956059999],[-89.38399101305858,43.077543404371575],[-89.3840057233972,43.077546733361714],[-89.38402063420595,43.07754953945743],[-89.38403571233576,43.077551816346926],[-89.38405092340909,43.077553558618106],[-89.38406623059205,43.07755476175806],[-89.384081598277,43.07755542395468],[-89.38409699208405,43.077555543396294],[-89.38411231639365,43.07755486982267],[-89.3841275784135,43.077553659765314],[-89.38414274376105,43.077551915913205],[-89.38415777805254,43.07754964275536],[-89.38417264690439,43.07754684478091],[-89.38418731593121,43.07754352917941],[-89.38420175320347,43.077539703141056],[-89.384215923107,43.07753537565519],[-89.38422979493835,43.077530556612835],[-89.38424333676588,43.07752525680466],[-89.38425651788536,43.077519487922004],[-89.38426930636341,43.07751326345593],[-89.3842816751772,43.07750659869926],[-89.38429359484876,43.0774995080441],[-89.38430503835532,43.07749200678336],[-89.38498504116629,43.0770139318957],[-89.38615175195272,43.07619830873506],[-89.38701361016116,43.07685399024213],[-89.38784410688423,43.077499193874],[-89.38900889283568,43.07668411895529],[-89.39078203744815,43.07544660628702],[-89.39008314700075,43.07491565228959],[-89.39006813652122,43.07490455970949],[-89.39005363823784,43.074893106330265],[-89.3900396705619,43.07488130385854],[-89.39002624699181,43.074869166699976],[-89.39001338348201,43.07485670836079],[-89.39000109475971,43.074843941446765],[-89.38998939432275,43.07483088126356],[-89.38997829444155,43.07481754221653],[-89.38996780861386,43.074803939611364],[-89.38996067654493,43.07479392125919],[-89.38995794788269,43.0747900869529],[-89.3917314321978,43.073521106984295]]]},"properties":{"NAME":"City of Madison","WardNumber":"52","AldDistrict":"4","SupDistrict":"1","AsmDistrict":"76","WardID":"0052"}},{"type":"Feature","geometry":{"type":"Polygon","coordinates":[[[-89.37569747871837,43.07610970465593],[-89.37573673671399,43.076181138338775],[-89.37580355134988,43.07626570578036],[-89.37582186286186,43.07628609512555],[-89.3758407504617,43.07630620116892],[-89.37586020433385,43.0763260149052],[-89.37588021711811,43.07634552733002],[-89.37590077899806,43.076364730338334],[-89.37592188138575,43.076383614925206],[-89.37594262728786,43.076401427342034],[-89.3759638535233,43.076418933014146],[-89.3759855539591,43.07643612383803],[-89.37600771754929,43.07645299350819],[-89.37677408564728,43.0770338448202],[-89.37762290196716,43.07768552063261],[-89.37812542827463,43.078074578392865],[-89.3786309099513,43.07846591680178],[-89.3786312940703,43.078466215781994],[-89.3787107552311,43.0785280731292],[-89.37879472782001,43.078593442530405],[-89.37880088479439,43.07859823520956],[-89.37880204695894,43.07859742195818],[-89.37970347548887,43.07796685808838],[-89.38041654191782,43.07746331374926],[-89.38130073235395,43.07682369565993],[-89.38123435157927,43.076774145575946],[-89.38115869414625,43.07671766943789],[-89.38011694687269,43.07592061928521],[-89.37840932554833,43.07463901262438],[-89.37789918338201,43.0750051165885],[-89.37787485955467,43.07502299490625],[-89.37785005957272,43.07504051839372],[-89.37782479080899,43.07505767895254],[-89.37779906431919,43.07507446938586],[-89.37777289115779,43.07509088429713],[-89.37774627992415,43.075106917388624],[-89.37771924167419,43.075122561463495],[-89.37769178746237,43.07513781112517],[-89.37766392834395,43.07515266007685],[-89.37763567291857,43.075167102021005],[-89.37760703469587,43.07518113246203],[-89.37757802350329,43.075194745102706],[-89.37754865039575,43.07520793454656],[-89.37751892888281,43.07522069629802],[-89.3774888687915,43.07523302496002],[-89.37680666728501,43.07570321921061],[-89.37661447400049,43.07583188985314],[-89.37654220889443,43.07587492242105],[-89.37646709487059,43.075912763283554],[-89.37638950431253,43.075945224841625],[-89.37630982188145,43.07597214616459],[-89.37622844260916,43.0759933937879],[-89.37569747871837,43.07610970465593]]]},"properties":{"NAME":"City of Madison","WardNumber":"45","AldDistrict":"6","SupDistrict":"1","AsmDistrict":"76","WardID":"0045"}},{"type":"Feature","geometry":{"type":"Polygon","coordinates":[[[-89.3744121941484,43.08571052500174],[-89.37526709145284,43.086364481725845],[-89.376162931164,43.085722851421146],[-89.3762788254119,43.08564326246287],[-89.37689720561411,43.08521911586646],[-89.3770881362363,43.08508477651968],[-89.37796002142028,43.08579289246889],[-89.37841128132976,43.086142171093684],[-89.37856197383893,43.08625109946527],[-89.3786425721786,43.086198809115324],[-89.37879729424826,43.08605761778547],[-89.3789397764367,43.08592759816874],[-89.37894914758951,43.085917190244594],[-89.37906463312284,43.08578891635775],[-89.37909044345604,43.08575653235384],[-89.37917108843294,43.08565534996278],[-89.37925100751485,43.08557154278939],[-89.37930636737094,43.085513484543426],[-89.37932117935743,43.085496698712156],[-89.37936754241424,43.085461683248866],[-89.37937273732025,43.085455932648294],[-89.3794614782716,43.085357678405934],[-89.37959749261096,43.08520708553078],[-89.37960027112491,43.08520251315219],[-89.3797235554866,43.084999778830586],[-89.37975316047202,43.08496632856176],[-89.379893779099,43.08480745250248],[-89.38003056138344,43.08465290973907],[-89.38007471948244,43.08460301540065],[-89.3800937731113,43.08458011754181],[-89.38019887471403,43.08446242114844],[-89.38022249766333,43.08443596774532],[-89.38023549261092,43.084421416977186],[-89.38023470663246,43.08441069828464],[-89.38023413847313,43.08440290230039],[-89.38025299914806,43.08438545355575],[-89.38027400481195,43.08436309824262],[-89.38029942285888,43.08433691551133],[-89.38048166055366,43.084152992430894],[-89.38084605744534,43.08375459141785],[-89.38107616860185,43.08350502408021],[-89.3812521450679,43.08332452508226],[-89.38130366896945,43.083262001773015],[-89.38139291857162,43.08315948239864],[-89.3814438636115,43.0831009624688],[-89.38154219829856,43.08297477174558],[-89.38163550426341,43.082870506521814],[-89.3816904219988,43.0828091408672],[-89.38176664524255,43.0827605830594],[-89.38190805706161,43.08267049859715],[-89.38210688056925,43.08254383777002],[-89.38231543668772,43.082378533232855],[-89.3824515167109,43.08225918123574],[-89.38253178866255,43.08217614233329],[-89.38269018772479,43.08205998954521],[-89.38287707488706,43.081911295060166],[-89.38300482022063,43.081810612137225],[-89.38239487254053,43.08134008946073],[-89.38155995984665,43.080688467940774],[-89.38066238254194,43.08001924212443],[-89.37984503900313,43.079389703708166],[-89.37880088479439,43.07859823520956],[-89.37702692709973,43.07986372465077],[-89.37523350966985,43.08110333823508],[-89.37495542619698,43.081296886017334],[-89.37484116305095,43.08137641766405],[-89.37344510700427,43.08234810569579],[-89.37164819834132,43.083602959248445],[-89.37195987093381,43.0838438160149],[-89.3719656904421,43.08384831367578],[-89.37270017399842,43.08441590277905],[-89.37355704032927,43.08506073546795],[-89.3744121941484,43.08571052500174]]]},"properties":{"NAME":"City of Madison","WardNumber":"43","AldDistrict":"6","SupDistrict":"2","AsmDistrict":"76","WardID":"0043"}},{"type":"Feature","geometry":{"type":"Polygon","coordinates":[[[-89.38571379109435,43.06899651871365],[-89.38576944595123,43.06903706271761],[-89.38582548409477,43.069077321483306],[-89.38588190552646,43.06911729230984],[-89.38593870533707,43.06915697249476],[-89.38599588107114,43.069196362036735],[-89.38605343150289,43.06923545733444],[-89.38625436817006,43.06909714144573],[-89.38628709485259,43.06907034484281],[-89.38631941038113,43.069043280770714],[-89.38635131107016,43.06901595372904],[-89.38638279200686,43.06898836731711],[-89.38641385073491,43.068960523334674],[-89.38645992250258,43.06892724291006],[-89.38743107442781,43.06822571977234],[-89.38750225856181,43.06815135952288],[-89.38752101637623,43.068134009412866],[-89.38754023686288,43.0681169348717],[-89.38755991510692,43.06810014309847],[-89.38758004128417,43.068083638590515],[-89.38777422812635,43.06793688759259],[-89.3877824457262,43.06793342466657],[-89.38779094179614,43.06793034256766],[-89.38779968195365,43.067927654786935],[-89.38780863427357,43.06792537121589],[-89.38781776314867,43.06792349994476],[-89.38782384685386,43.067922547663635],[-89.38782703297177,43.06792204906372],[-89.38783640690957,43.06792102396227],[-89.38784585058507,43.067920428230416],[-89.38791356328638,43.06796479306058],[-89.38805939573841,43.068067399005116],[-89.38807810076152,43.06808289897256],[-89.38809625068434,43.06809875071192],[-89.38811383323672,43.06811494161837],[-89.38813083737499,43.06813146178771],[-89.38814725205614,43.06814829951551],[-89.38816306500905,43.068165443997216],[-89.3881782651908,43.06818288352841],[-89.38819284278644,43.068200605504934],[-89.38820678920733,43.06821860002337],[-89.38822009463954,43.068236852679334],[-89.38823274926716,43.06825535266897],[-89.38869134009273,43.06861009278545],[-89.38955048254088,43.06926460766192],[-89.3906712430244,43.07011278626912],[-89.39246742456609,43.06884025643812],[-89.39287054536808,43.06855989996476],[-89.39377662254785,43.0679297384754],[-89.39380294281344,43.06792186820714],[-89.39382900301196,43.067913546016264],[-89.39385478963635,43.06790477640009],[-89.39388028672383,43.06789556475547],[-89.3939054819951,43.06788591558004],[-89.39393036071465,43.067875835171144],[-89.3939549093755,43.0678653280261],[-89.39397911446957,43.06785440134274],[-89.39400296126267,43.0678430587179],[-89.39402643747357,43.0678313091499],[-89.39404953082274,43.06781915803653],[-89.39407222780306,43.067806610775364],[-89.3940945161333,43.06779367636469],[-89.39411638353359,43.067780361102315],[-89.39413781649576,43.06776667308617],[-89.3941588051957,43.06775261771479],[-89.395118407256,43.067085468865386],[-89.39502719904257,43.067063085947595],[-89.39493782482965,43.067041151645974],[-89.39483524786671,43.06701757772683],[-89.39473248295133,43.06699444742165],[-89.39471083536013,43.066989342231125],[-89.39468940405182,43.06698376723436],[-89.39466820866782,43.06697772603657],[-89.39464726762078,43.06697122494305],[-89.39462660055078,43.06696427025942],[-89.39460622464348,43.066956866490514],[-89.39458615953832,43.06694902174213],[-89.39456642119268,43.0669407414189],[-89.3945470280178,43.06693203452653],[-89.39452799719795,43.066922908270136],[-89.39450934591754,43.06691336985489],[-89.39449108890409,43.06690342918572],[-89.39447324579727,43.066893093468416],[-89.39445582886883,43.06688237350733],[-89.3944388553026,43.06687127740778],[-89.39442234105334,43.066859815975135],[-89.39372406165657,43.06631598325195],[-89.39283682230949,43.06563148539193],[-89.39193441726697,43.064936453435166],[-89.39143001439861,43.06455214174244],[-89.39141056515894,43.0645376610309],[-89.39139065048936,43.06452352493049],[-89.39137028266279,43.064509739745134],[-89.39134947149562,43.06449631447818],[-89.39132823171556,43.06448325633423],[-89.39130657313929,43.06447057341661],[-89.39128450926727,43.064458272029505],[-89.39126205114472,43.06444635847642],[-89.39123921349827,43.06443484176209],[-89.39121451617366,43.0644230311053],[-89.39118941842261,43.06441168388827],[-89.39116393620074,43.06440080641577],[-89.39113808669099,43.06439040499295],[-89.39111188584783,43.064380487724854],[-89.39108535085467,43.06437106001653],[-89.39105849889395,43.064362129073295],[-89.39103134714942,43.06435369940014],[-89.39100391157682,43.06434577640179],[-89.39097621181459,43.06433836548401],[-89.39094826504592,43.06433147205197],[-89.39092008968254,43.06432509971099],[-89.39089170290815,43.064319252966044],[-89.39086312190676,43.064313935422106],[-89.39083436754571,43.064309149785146],[-89.39080545700848,43.064304900560224],[-89.39077640870772,43.06430118955252],[-89.39074724105537,43.064298019467266],[-89.39071797369157,43.064295392109955],[-89.39068862502886,43.064293309285894],[-89.39065921347962,43.06429177280025],[-89.39062975868494,43.06429078265843],[-89.39060027905761,43.06429033976555],[-89.3905707942383,43.064290445027154],[-89.39054132141311,43.06429109754787],[-89.39051188145079,43.064292297333516],[-89.39048249153697,43.06429404438889],[-89.3904531713141,43.06429633601914],[-89.39042394042316,43.06429917222977],[-89.39039481727906,43.06430255032571],[-89.39036581906883,43.064306467611516],[-89.39033696543416,43.064310923192544],[-89.3903082760183,43.064315912573974],[-89.39027976800813,43.06432143396044],[-89.39025145981941,43.0643274828568],[-89.39022336986756,43.064334055667835],[-89.39019551534041,43.0643411487981],[-89.39016791588229,43.06434875595259],[-89.39014058745313,43.064356874435674],[-89.39011354847015,43.064365497051746],[-89.39008681612187,43.064374619305454],[-89.39006040759708,43.064384235801136],[-89.39003433885809,43.064394339342726],[-89.39000862832147,43.06440492453497],[-89.38998329194997,43.06441598328169],[-89.38995834570554,43.064427509286865],[-89.38993380677867,43.06443949445468],[-89.38990968867613,43.06445193248851],[-89.38989713273001,43.0644587625339],[-89.38980372556658,43.06435474346345],[-89.38974719409886,43.06429179034263],[-89.38971854991364,43.064259891515064],[-89.38945765601034,43.063971108653355],[-89.38940814332467,43.06391531139944],[-89.38938725149012,43.063923101210385],[-89.38935919269969,43.0639335604692],[-89.38930045485763,43.06395545932612],[-89.38929033765521,43.0639724719874],[-89.38920818585677,43.06411062603166],[-89.38915254397524,43.06418476055851],[-89.38907395734296,43.064262241301684],[-89.38901713790409,43.06432268933409],[-89.3889376855719,43.0644408004375],[-89.38888798519585,43.06452086374623],[-89.38874183530211,43.064795655306014],[-89.38873528561942,43.06485263088599],[-89.38869214041769,43.064981772402774],[-89.38864919240315,43.06509118097467],[-89.38831597353229,43.06557292287144],[-89.38819842340506,43.065668771569484],[-89.38813140506545,43.065793398935575],[-89.38802218401219,43.065952882785176],[-89.38783491005243,43.06614483865334],[-89.38772615169724,43.066258278430865],[-89.38759444854652,43.06636440231801],[-89.38724873483051,43.06655550446855],[-89.38704403594173,43.06664258258891],[-89.38693699713326,43.066660617421014],[-89.38693285305438,43.06666189249055],[-89.3867811346612,43.06667797186593],[-89.38661458333169,43.06668392835752],[-89.38648370971165,43.06667592974183],[-89.38638816034762,43.06666445054002],[-89.38631669924635,43.06663555730716],[-89.3862978818886,43.06662262860931],[-89.38627998245978,43.066610327569094],[-89.38625127908259,43.06659060627404],[-89.38623950444585,43.06658251423825],[-89.38612597495002,43.06657532535845],[-89.38611643768775,43.06657254642918],[-89.38571438786977,43.06647050820268],[-89.38563351826453,43.06649372845977],[-89.38553108507071,43.06657211451978],[-89.38484943073074,43.06746593831704],[-89.38482880571064,43.0674741603286],[-89.3845679671453,43.0678362432591],[-89.38453552685027,43.06788838909236],[-89.38448212162284,43.06797209104166],[-89.38443845902808,43.068020044061996],[-89.38438162900292,43.06807068132193],[-89.3843264154618,43.0681158059533],[-89.38432614776903,43.068127855553016],[-89.38432025976344,43.06839488286387],[-89.3848050922159,43.0683517105202],[-89.38483385770114,43.06836679125758],[-89.38486226572331,43.06838223191241],[-89.38489030769038,43.06839802978194],[-89.38491797378482,43.06841417856244],[-89.38494525541519,43.068430674650955],[-89.3849721476746,43.06844751174548],[-89.38499863951564,43.06846468714237],[-89.38502472357655,43.068482193638665],[-89.385050392494,43.06850002673174],[-89.385181112564,43.068597902281454],[-89.3852160199149,43.0686240381824],[-89.38526411666206,43.068660050669294],[-89.38556900845029,43.068888333090634],[-89.3856169679494,43.068924611814154],[-89.38566522964867,43.06896067458899],[-89.38571379109435,43.06899651871365]]]},"properties":{"NAME":"City of Madison","WardNumber":"55","AldDistrict":"4","SupDistrict":"1","AsmDistrict":"76","WardID":"0055"}},{"type":"Feature","geometry":{"type":"Polygon","coordinates":[[[-89.37052478638725,43.09525158158783],[-89.37073319984425,43.09519864524874],[-89.37075285960279,43.09518749645607],[-89.37075190128692,43.09517904859217],[-89.37073687996154,43.09516596249341],[-89.3707326104206,43.09515302614449],[-89.37073267723773,43.095146570661434],[-89.37086812476542,43.09505558283754],[-89.3709755545316,43.09505932948304],[-89.37203628636391,43.0952828511992],[-89.37206652045305,43.09529191314736],[-89.37209171684682,43.09530187208111],[-89.37212344266895,43.09532823367761],[-89.37214356666999,43.09536361098716],[-89.37214116567917,43.09538296657417],[-89.37214117721997,43.09548491183448],[-89.37214170276626,43.095506193113636],[-89.37212015959032,43.09622512810622],[-89.37211763186207,43.096240191060986],[-89.37212453355258,43.09626110158628],[-89.37215156123443,43.096276124364465],[-89.37218019661161,43.096274666121786],[-89.37220889864857,43.09626675508966],[-89.37222883118528,43.096255565660364],[-89.37227182728506,43.09619055585672],[-89.37229004632513,43.095474618513215],[-89.37230076718065,43.09544787853576],[-89.37233334119864,43.09542814905464],[-89.37236399500384,43.0953923303517],[-89.37239267817816,43.095345018313736],[-89.37240249265118,43.09530448840895],[-89.37240072610652,43.09527308677266],[-89.3723821814815,43.09525893363918],[-89.37233176148297,43.09523767383372],[-89.37225714075383,43.09521156721288],[-89.3711038929664,43.09496488361495],[-89.3709393582247,43.094927388398624],[-89.37090307814945,43.09487981358639],[-89.37090053436327,43.09484466266137],[-89.37089547844707,43.09477470376275],[-89.37090960226182,43.094668119410734],[-89.37097779051835,43.09438950883976],[-89.37110569100055,43.09418046838499],[-89.37126779471177,43.09404127093544],[-89.37135080043014,43.093992376632976],[-89.37141150985538,43.094000671907516],[-89.37149612209878,43.09406021321299],[-89.37152397751578,43.09404268621053],[-89.37155298792302,43.0939664318129],[-89.37167401763121,43.09380949533605],[-89.37178130228995,43.093722530020464],[-89.37192097201509,43.09365325499373],[-89.37199264944584,43.0936504646511],[-89.37210526364238,43.09367815066373],[-89.37220192360768,43.09379193672915],[-89.37222658112671,43.09375698492888],[-89.3721917145027,43.09371683515412],[-89.37220745108836,43.09366438602174],[-89.37233232945697,43.093555229614175],[-89.37239994617778,43.093525355047646],[-89.3724500945654,43.09353906197578],[-89.37259705835805,43.093448770165104],[-89.37282675228941,43.09338804796014],[-89.37291883765046,43.09336454644566],[-89.37299907183157,43.09336442345271],[-89.37306119049123,43.093410002389504],[-89.37310964783498,43.09346045847344],[-89.37312214769761,43.09347516876362],[-89.3731578968382,43.09349351552004],[-89.37321296736425,43.0934879530891],[-89.37323711542518,43.0934333219718],[-89.37318865978592,43.093366762258505],[-89.37312650845222,43.09329435950481],[-89.37312905145264,43.09323817006972],[-89.37319275545724,43.09315925502174],[-89.37340083687195,43.092985203445195],[-89.37345983169489,43.092929164973135],[-89.37353827947388,43.09285465029478],[-89.37356572760038,43.092810274442236],[-89.3735810208155,43.092785547098444],[-89.37367700669604,43.09257252521137],[-89.37368317434469,43.09255884000824],[-89.3737314286615,43.092464729815056],[-89.37384929570237,43.0922612202919],[-89.37392516191777,43.092130231981166],[-89.3739630201358,43.09206924187428],[-89.37400032446358,43.09200344228698],[-89.37402284149279,43.091917443619984],[-89.37409375866105,43.091784880631266],[-89.37413959305007,43.09169919687206],[-89.37417692206581,43.091648427102896],[-89.3742179879703,43.09159336001053],[-89.37429365025112,43.09149189913572],[-89.37434271263062,43.09143344826821],[-89.37440022829593,43.09136708993138],[-89.37440479374575,43.09136182535309],[-89.37451152854034,43.09126076254731],[-89.37456539494558,43.09121353333124],[-89.37474348298244,43.0909442964847],[-89.37476894139421,43.09090580615846],[-89.37480289149326,43.09080953201654],[-89.37482770065266,43.090759204190654],[-89.37486181589728,43.09068109411796],[-89.37494120004033,43.09049932830255],[-89.37500596535848,43.090351039225034],[-89.37505533083579,43.09023800698928],[-89.37505784702206,43.090233530027376],[-89.37510231060816,43.09013043645634],[-89.37514159971812,43.09004208798063],[-89.37514793075091,43.09002598419035],[-89.37518139805661,43.089949354410855],[-89.37519803267925,43.08992245814827],[-89.37521939906225,43.08989901211016],[-89.37525205928088,43.0898481779507],[-89.3752701942017,43.0897687353384],[-89.37527225204798,43.089759716277385],[-89.37531360823387,43.0896335067654],[-89.37531797083261,43.0896201978695],[-89.37536772424664,43.08950100085634],[-89.37542502938688,43.08936371398914],[-89.37550052251595,43.08918285075399],[-89.37553057987654,43.089110839684594],[-89.37556667248762,43.0890156246776],[-89.37558895239728,43.08897562429232],[-89.37566107752637,43.088846122898374],[-89.37569930868271,43.08877747157922],[-89.37573269391395,43.088711754406305],[-89.37580834421343,43.08856283557744],[-89.37592462194532,43.08833394570091],[-89.37595972488087,43.08826484657359],[-89.37599788084331,43.088211981980734],[-89.37608920434187,43.0880854529815],[-89.37617844984847,43.08796180159255],[-89.37620689597097,43.08792238952516],[-89.37625146628416,43.08786063712926],[-89.37632462040236,43.08777048450361],[-89.37641830881067,43.08770202257164],[-89.37651452335093,43.0876019176331],[-89.37652192572868,43.087592632450004],[-89.37658838679964,43.08750818991842],[-89.37674782424138,43.087368443429625],[-89.37675850442011,43.08736229008304],[-89.37718933424293,43.08706865220828],[-89.37755105038748,43.08687204001259],[-89.37769970337412,43.08678755866192],[-89.37784629196607,43.08670425184842],[-89.37797737451423,43.08662975534111],[-89.37797749122687,43.08662968967884],[-89.37798844137662,43.08662346701339],[-89.37808765563334,43.08655397072163],[-89.37825407261128,43.08645681037343],[-89.37830579446582,43.08641909710146],[-89.37833731010534,43.08639828445521],[-89.37845974185689,43.086317426663044],[-89.37856197383893,43.08625109946527],[-89.37841128132976,43.086142171093684],[-89.37796002142028,43.08579289246889],[-89.3770881362363,43.08508477651968],[-89.37689720561411,43.08521911586646],[-89.3762788254119,43.08564326246287],[-89.376162931164,43.085722851421146],[-89.37526709145284,43.086364481725845],[-89.3744121941484,43.08571052500174],[-89.37355704032927,43.08506073546795],[-89.37270017399842,43.08441590277905],[-89.3719656904421,43.08384831367578],[-89.37195987093381,43.0838438160149],[-89.37164819834132,43.083602959248445],[-89.37143824909272,43.0837515018247],[-89.36986173275514,43.08486687564074],[-89.36808093899327,43.086119092272284],[-89.36630098054857,43.08738446153512],[-89.36454986748319,43.08864652753577],[-89.36276973060602,43.0898769813089],[-89.36214438448705,43.0903092106534],[-89.36222848958451,43.090361833217585],[-89.36313486774884,43.0909565327825],[-89.36376821450871,43.09127264815287],[-89.3641352444,43.09151738856279],[-89.3653254771518,43.09210322501283],[-89.3653388633709,43.09211072499701],[-89.36645337055077,43.09273514608209],[-89.36714634371073,43.093125894447134],[-89.36875407944117,43.09403173294679],[-89.36960492781017,43.094524680542065],[-89.36989327791173,43.09478201703783],[-89.37025801217267,43.09502233060386],[-89.37052478638725,43.09525158158783]]]},"properties":{"NAME":"City of Madison","WardNumber":"41","AldDistrict":"6","SupDistrict":"2","AsmDistrict":"76","WardID":"0041"}},{"type":"Feature","geometry":{"type":"Polygon","coordinates":[[[-89.36111883535798,43.08079325300887],[-89.36099735372242,43.080858852323196],[-89.36085550067118,43.08093510139413],[-89.36080883364092,43.08097348280954],[-89.36070133445193,43.081061890688034],[-89.36061751651397,43.08109700178351],[-89.3605485567481,43.08112588851926],[-89.36041698031119,43.08119861688168],[-89.36040525302214,43.08120510028269],[-89.36022609047166,43.08126953618104],[-89.3601942825123,43.081283287805455],[-89.3600692016127,43.08133736737756],[-89.3600201231185,43.081337091389585],[-89.35991258942862,43.08137902355008],[-89.3598049887813,43.08142749931245],[-89.35978117407355,43.08143211824742],[-89.35970662258963,43.081446580894145],[-89.359639727376,43.0814429313307],[-89.35958203159231,43.08141315770923],[-89.35955743696935,43.081417927387925],[-89.35954324201543,43.08142256414085],[-89.35940967964349,43.08146617736427],[-89.359404081408,43.08146857396333],[-89.35926031945387,43.08153016724707],[-89.35911399456857,43.08159285706086],[-89.35907798731672,43.08160828294875],[-89.35897125565974,43.08166328504292],[-89.35875545957475,43.08175930185774],[-89.35855978409221,43.08184712052938],[-89.35850853706482,43.08187011841702],[-89.35833045028983,43.08196142987765],[-89.35812556672735,43.08206648141142],[-89.35796568336943,43.08214845943872],[-89.35792435668155,43.0821714032256],[-89.35772729425724,43.082280795125975],[-89.35767393363325,43.08231041799573],[-89.35753250437132,43.082395774900384],[-89.35742552779966,43.08246034168841],[-89.35739999671287,43.08247574957376],[-89.3572597246444,43.08256461989104],[-89.35717987601879,43.08261520886139],[-89.35713442314464,43.082655154735725],[-89.35707628812395,43.08270624203266],[-89.35697728261633,43.08275688566369],[-89.35677531564032,43.08286176721168],[-89.35665607543599,43.08295109615772],[-89.35665198543637,43.08295416226104],[-89.35667367381085,43.08301318353835],[-89.35658629591089,43.083064385248996],[-89.35645718189305,43.08314004838248],[-89.35635743124512,43.08319850392696],[-89.35626052745052,43.083255290436206],[-89.3562201797969,43.0832789326469],[-89.35613306190811,43.08333773101586],[-89.35601995292016,43.08341407166805],[-89.35601198974415,43.08342058109657],[-89.35595790425704,43.083464796086886],[-89.355938872196,43.08349498257132],[-89.35590586435774,43.08351372786798],[-89.35586460196821,43.08353925063448],[-89.35575628588865,43.08360468097248],[-89.35572573670038,43.083623136011575],[-89.35571919598985,43.08363485873315],[-89.35567723467827,43.083658141573274],[-89.35564563650436,43.08368474459919],[-89.35563838593112,43.08369084937025],[-89.355615799032,43.08370248174175],[-89.35559309132081,43.08372587296337],[-89.35557371682786,43.083737523398206],[-89.35556078201225,43.08374685891887],[-89.35554084225895,43.08375884835711],[-89.35552203176645,43.08377015887337],[-89.35545412663137,43.08381916581056],[-89.35538437917434,43.083853677298684],[-89.35536427887507,43.08386869545344],[-89.35531433947465,43.083912928760036],[-89.35527487820973,43.083946204038234],[-89.35523160502123,43.08397623940729],[-89.35518078387406,43.08402034072401],[-89.35513964631171,43.084056927346275],[-89.35510661381298,43.08409214335117],[-89.3550304987156,43.08415355401786],[-89.35493289643904,43.08423230235773],[-89.35488154903199,43.084287842618224],[-89.35486324472592,43.08430763947835],[-89.35478087357384,43.0844295655071],[-89.35474622883852,43.08446315937354],[-89.35473616437908,43.08447291683921],[-89.35470170263243,43.08450309761571],[-89.35467351895743,43.084539540490866],[-89.35466496698423,43.0845485490583],[-89.35464980923068,43.08456451780948],[-89.35459401547055,43.08465392072347],[-89.35457883263253,43.08468372310653],[-89.35456554653537,43.0846961510537],[-89.35456427761049,43.084696497742776],[-89.3545527590051,43.08469965388994],[-89.35452425219918,43.08473161943242],[-89.35449897163294,43.084754427446114],[-89.35445767912873,43.084811566639225],[-89.35443240544015,43.084835881411436],[-89.35439127710622,43.08487544980086],[-89.354339761028,43.08491821367573],[-89.35432812466696,43.08492787386184],[-89.35429952398977,43.08496902302429],[-89.3542661712729,43.085006425837385],[-89.35424250983239,43.085032956673096],[-89.35411248123306,43.08521732901778],[-89.35409925908344,43.085283808023505],[-89.35414217535235,43.08536896692369],[-89.35403558906755,43.085434721580185],[-89.35431469591717,43.08559765368201],[-89.35526651440105,43.086319252017105],[-89.35621211423808,43.087054529279314],[-89.35664762488508,43.08736509924677],[-89.35715539099786,43.08765289197532],[-89.35826736141799,43.08821263506354],[-89.35939575645678,43.08875851654923],[-89.36069761604436,43.089480260820864],[-89.36146930772314,43.08988682615207],[-89.36200356363486,43.090221102356594],[-89.36214438448705,43.0903092106534],[-89.36276973060602,43.0898769813089],[-89.36454986748319,43.08864652753577],[-89.36630098054857,43.08738446153512],[-89.36808093899327,43.086119092272284],[-89.36986173275514,43.08486687564074],[-89.36979330106723,43.084815204617186],[-89.36972343609033,43.084762451873345],[-89.36868245244217,43.083976418093776],[-89.36781117614514,43.08330032999563],[-89.36697380436631,43.082661891088236],[-89.36682349390301,43.082543076149896],[-89.36610768378125,43.082012543354374],[-89.36563036652764,43.08161870021585],[-89.36527131781696,43.08133508011225],[-89.3643755032057,43.08070773971372],[-89.3638808624535,43.08034774495433],[-89.36354079215869,43.080053757147176],[-89.3626634570603,43.080674195186184],[-89.36176900240315,43.08131605332383],[-89.36146602290576,43.08107213454518],[-89.36124566576252,43.08089473061687],[-89.36111883535798,43.08079325300887]]]},"properties":{"NAME":"City of Madison","WardNumber":"42","AldDistrict":"6","SupDistrict":"6","AsmDistrict":"76","WardID":"0042"}},{"type":"Feature","geometry":{"type":"Polygon","coordinates":[[[-89.35933941806174,43.10683984231233],[-89.36114107237344,43.106833011850426],[-89.36212237883625,43.10683092979739],[-89.36390318539587,43.10683074256033],[-89.36395316965137,43.10427939053327],[-89.36398184835735,43.10307966711678],[-89.36410490146004,43.102919017109826],[-89.36421432912692,43.102776177508474],[-89.36421603153882,43.1027750055429],[-89.36422145144734,43.102766878601365],[-89.36423040548523,43.10275345457137],[-89.3644583907847,43.10241164499026],[-89.36471002932745,43.10204366745794],[-89.36487778750225,43.10179834788218],[-89.36496204740021,43.101675127877414],[-89.36501857718393,43.101592462292984],[-89.36504812413617,43.101550115719135],[-89.36521635599755,43.101309004723156],[-89.36525669331857,43.10125119257274],[-89.3653669748531,43.101292015545006],[-89.36577353059961,43.10068720199013],[-89.36821097282552,43.09706086060023],[-89.36833187044886,43.09706010117879],[-89.36836673182437,43.097060657641656],[-89.36896321637062,43.097059868244756],[-89.36899318362875,43.097059829074844],[-89.3690184048642,43.097059794892594],[-89.36924895795015,43.09705948955037],[-89.36946508994693,43.09705920770313],[-89.36947267449555,43.097059197696275],[-89.36947212016162,43.09705392105978],[-89.36944308311361,43.09694616581169],[-89.36944033548852,43.09690610293223],[-89.36943088788428,43.09676854632271],[-89.36942585591888,43.096695344336815],[-89.36942743769202,43.09664410781997],[-89.36943108522017,43.0965258319661],[-89.36942698104572,43.096412064732746],[-89.36942596498771,43.096376645359356],[-89.3694414854586,43.09630763920605],[-89.36946268116525,43.09621341398375],[-89.36946506751039,43.09621071658579],[-89.3695265530258,43.09614120503199],[-89.36956359697865,43.09607234647879],[-89.36957811926311,43.09604997128821],[-89.36963059641937,43.095969122383906],[-89.36972749813003,43.09583745172166],[-89.36981897095656,43.09570969932251],[-89.37005579661678,43.095522505798606],[-89.37013073068067,43.095473858042105],[-89.37015526029244,43.09542824136208],[-89.37018027151441,43.095408533356256],[-89.37024611824853,43.09536644851755],[-89.37030353775066,43.09533920515887],[-89.37030989226564,43.09530616359095],[-89.37052478638725,43.09525158158783],[-89.37025801217267,43.09502233060386],[-89.36989327791173,43.09478201703783],[-89.36960492781017,43.094524680542065],[-89.36875407944117,43.09403173294679],[-89.36714634371073,43.093125894447134],[-89.36645337055077,43.09273514608209],[-89.3653388633709,43.09211072499701],[-89.36531569167956,43.09212650843567],[-89.36491369074801,43.092400325334395],[-89.3648811130582,43.09243237688201],[-89.36484794979896,43.09246410319059],[-89.3648142058868,43.09249549976174],[-89.36477988869716,43.092526559397754],[-89.36474500191844,43.092557277599475],[-89.36470955415274,43.09258764897017],[-89.36467355031829,43.092617667211066],[-89.36463699901725,43.09264732692533],[-89.36459990516732,43.0926766227144],[-89.36456227491423,43.09270554918018],[-89.3645241168594,43.09273410182598],[-89.3644854371488,43.09276227525389],[-89.36444624315652,43.092790064066385],[-89.36440654102864,43.09281746286546],[-89.36364243224205,43.09335089753814],[-89.36352998123672,43.093428354736744],[-89.36341709549367,43.09350547046288],[-89.3633668899576,43.0935394837365],[-89.36330377378577,43.09358224381447],[-89.36319001979957,43.093658672991985],[-89.36307583599356,43.09373475619521],[-89.36296122359619,43.093810493423476],[-89.36260899575099,43.09405703418678],[-89.36257109090366,43.0942177848436],[-89.36242688893557,43.09478529982454],[-89.36233165459402,43.09515412523119],[-89.36221249900848,43.095620084829086],[-89.3622118739041,43.09562253187175],[-89.3621851559961,43.0957270095043],[-89.36213327466096,43.095929888089884],[-89.3620813942125,43.0961327657449],[-89.3620295121926,43.096335644268336],[-89.36197763105942,43.09653852186118],[-89.36192574835475,43.09674140032244],[-89.36187386653683,43.096944277853225],[-89.36182198314827,43.097147155352246],[-89.36177009941645,43.097350033720296],[-89.36171821657136,43.097552911157834],[-89.36171563092908,43.09756302060462],[-89.3614648848382,43.098543484491906],[-89.36116192979996,43.09972804782381],[-89.36116038841361,43.099734076763276],[-89.36068480518338,43.10159352574647],[-89.36022235448547,43.10340152153089],[-89.36022413786338,43.10340176732315],[-89.36021826825646,43.10342160050767],[-89.36021257304934,43.10344146168935],[-89.36020705101564,43.103461349067224],[-89.3600790580038,43.10396379453642],[-89.35943674578493,43.10646172331148],[-89.35933941806174,43.10683984231233]]]},"properties":{"NAME":"City of Madison","WardNumber":"30","AldDistrict":"12","SupDistrict":"2","AsmDistrict":"76","WardID":"0030"}},{"type":"Feature","geometry":{"type":"Polygon","coordinates":[[[-89.3638808624535,43.08034774495433],[-89.3643755032057,43.08070773971372],[-89.36527131781696,43.08133508011225],[-89.36563036652764,43.08161870021585],[-89.36610768378125,43.082012543354374],[-89.36682349390301,43.082543076149896],[-89.36697380436631,43.082661891088236],[-89.36781117614514,43.08330032999563],[-89.36868245244217,43.083976418093776],[-89.36972343609033,43.084762451873345],[-89.36979330106723,43.084815204617186],[-89.36986173275514,43.08486687564074],[-89.37143824909272,43.0837515018247],[-89.37164819834132,43.083602959248445],[-89.37344510700427,43.08234810569579],[-89.37484116305095,43.08137641766405],[-89.37495542619698,43.081296886017334],[-89.37523350966985,43.08110333823508],[-89.37702692709973,43.07986372465077],[-89.37880088479439,43.07859823520956],[-89.37879472782001,43.078593442530405],[-89.3787107552311,43.0785280731292],[-89.3786312940703,43.078466215781994],[-89.3786309099513,43.07846591680178],[-89.37812542827463,43.078074578392865],[-89.37762290196716,43.07768552063261],[-89.37677408564728,43.0770338448202],[-89.37600771754929,43.07645299350819],[-89.3759855539591,43.07643612383803],[-89.3759638535233,43.076418933014146],[-89.37594262728786,43.076401427342034],[-89.37592188138575,43.076383614925206],[-89.37590077899806,43.076364730338334],[-89.37588021711811,43.07634552733002],[-89.37586020433385,43.0763260149052],[-89.3758407504617,43.07630620116892],[-89.37582186286186,43.07628609512555],[-89.37580355134988,43.07626570578036],[-89.37573673671399,43.076181138338775],[-89.37569747871837,43.07610970465593],[-89.37563480022688,43.0761234345267],[-89.37544353712255,43.07616067026381],[-89.37537914532172,43.0760394352262],[-89.37520371570298,43.07573094496162],[-89.37512658916768,43.07552861879913],[-89.37504424620676,43.075326132009025],[-89.37501719970744,43.07525551140662],[-89.37490162296695,43.07532715055303],[-89.37484666655718,43.07535889874019],[-89.37472038843684,43.07542789777186],[-89.3746422199033,43.07543866833404],[-89.37458424764469,43.07546573010679],[-89.37441377358934,43.07554195172056],[-89.3743676911911,43.075567832914075],[-89.37433217541819,43.07557334198846],[-89.37422540431159,43.07561226090352],[-89.3741566934291,43.075654532389024],[-89.37399653332783,43.07570892302221],[-89.3739601614525,43.07571936058198],[-89.37388537162035,43.075740825269996],[-89.37375634560041,43.075785632717576],[-89.37364078195206,43.07581425649013],[-89.37353391928063,43.075859188305074],[-89.37343592512791,43.07590416520522],[-89.37336449376497,43.07595254044919],[-89.37327986463349,43.075991091686966],[-89.37310666802101,43.076019400427114],[-89.37288904629642,43.076057215550115],[-89.37272888279774,43.07611160440493],[-89.37256397179569,43.07619685369],[-89.37246938689715,43.076243923077755],[-89.37229613802864,43.076380651511556],[-89.37222054224114,43.07639043412847],[-89.37211378146692,43.07642986593238],[-89.37203677786836,43.076464462736205],[-89.3719970899852,43.07648695508939],[-89.37194793882841,43.07653368393146],[-89.37191249915486,43.07655929517576],[-89.37187423803293,43.07656966733373],[-89.37183077285295,43.076592503606584],[-89.37174383775631,43.07664233367354],[-89.37166304930183,43.07668454702243],[-89.37162728820157,43.076706591830096],[-89.37161381519068,43.07671519625331],[-89.37160008079644,43.07670123499167],[-89.37159225239067,43.076705195580026],[-89.37151848611397,43.076760530925306],[-89.37147966047539,43.076789656334654],[-89.37135992010965,43.076879482911735],[-89.37130268328859,43.07691953632144],[-89.37121701834776,43.07697948190136],[-89.37118736362281,43.0769979234815],[-89.37108564872305,43.07706118228236],[-89.3710563821242,43.07707938457445],[-89.37097026844121,43.0771040943607],[-89.37092460787257,43.077117195597566],[-89.37090796628593,43.077121971281734],[-89.3709007508371,43.077124041882456],[-89.37073582219674,43.07716101602351],[-89.37051858856445,43.07720971354654],[-89.37034793140172,43.07724529028182],[-89.37023958102235,43.077267892199025],[-89.37010093731993,43.077296812442505],[-89.37007558598927,43.077303440049974],[-89.3699369285011,43.07733972562579],[-89.36986977227909,43.07735730723044],[-89.36960767286648,43.077407875408305],[-89.36937670786287,43.077448864074434],[-89.36883087658137,43.07749785805639],[-89.36859094368032,43.07754854765628],[-89.36834667717423,43.07758946050223],[-89.36812461066825,43.07762724196464],[-89.36792460873848,43.07767489948668],[-89.36760639402831,43.07775668079616],[-89.36736238140534,43.07784443568427],[-89.36733752939432,43.07785371102513],[-89.36712587301999,43.07793755107234],[-89.36709959975907,43.07794740084256],[-89.36695871101885,43.0779980851693],[-89.36694583616591,43.07800271717908],[-89.3668268395342,43.07805570447405],[-89.36679439435893,43.07807015160933],[-89.36672302251698,43.078112022183696],[-89.36670251896939,43.0781191410496],[-89.36659398507737,43.078156821537306],[-89.36655852266585,43.07816742640289],[-89.3664338827496,43.07820469835922],[-89.3663545319583,43.07822192721598],[-89.36622947616945,43.0782490806975],[-89.36619841196845,43.078261007152726],[-89.36609593563605,43.07830035622154],[-89.36604393215235,43.078310940213676],[-89.36597153449011,43.078325674433636],[-89.36584706343379,43.07835749211398],[-89.36570708610806,43.07841102867013],[-89.3657046208615,43.078411969859864],[-89.36563321787523,43.078457091806506],[-89.36552704556543,43.07848238794255],[-89.36551321152243,43.07848568266406],[-89.365404493747,43.07854946039333],[-89.36537046871797,43.078569420365625],[-89.36526803993677,43.07860004942557],[-89.36506671083738,43.078706459055894],[-89.36500957521463,43.07873972708919],[-89.36493640642401,43.07877343532132],[-89.36484919538157,43.078813611803405],[-89.36479816500756,43.07884783329858],[-89.36472418419609,43.07889744489149],[-89.36467276407578,43.07892811613182],[-89.36462323224899,43.0789576595711],[-89.36462157487979,43.0789586488494],[-89.36453253471252,43.078993915011694],[-89.36440785780914,43.07904523803308],[-89.36429189628848,43.079088837053135],[-89.36425366507719,43.0791100367038],[-89.36423876117304,43.07911739198975],[-89.36421425669828,43.07912948684669],[-89.36417902498704,43.07914442148171],[-89.36415365117065,43.07920329418965],[-89.36411418049846,43.0792287965525],[-89.36406861446913,43.079245185871926],[-89.36402103158038,43.079257025931945],[-89.36391360043503,43.07927004253655],[-89.36375846622384,43.07925843129471],[-89.36371067645841,43.079261780457244],[-89.36358893699402,43.07927030783372],[-89.36355455417454,43.07928071159728],[-89.36349793727337,43.079297848410164],[-89.36343088423838,43.07933434193038],[-89.36342294145443,43.07934401394749],[-89.36334502802512,43.07943889775793],[-89.36330259339131,43.07949057598289],[-89.36328999440066,43.0795116903909],[-89.36326005629371,43.07953762671442],[-89.36325875976547,43.07953875027394],[-89.36322965150543,43.079559772459824],[-89.36313914824711,43.07961058604347],[-89.36295079647878,43.07973069278614],[-89.36293093236162,43.07974349455],[-89.36285618916118,43.07978518453655],[-89.36283219126192,43.0797985692053],[-89.36275432851635,43.079838225976204],[-89.36264911125706,43.079891810139536],[-89.3626034124224,43.079915085485275],[-89.36254892152783,43.0799460485007],[-89.3624979259492,43.07997502858917],[-89.36236419605497,43.08006746401067],[-89.36234061628026,43.080083762424444],[-89.3621879239073,43.08017779799885],[-89.36217281687011,43.08018643015275],[-89.36208019033369,43.08023936602098],[-89.36202278824139,43.08026953606518],[-89.36176769390136,43.080403614913386],[-89.36176741990697,43.08040378308772],[-89.3615940366176,43.08051004112011],[-89.36158084946354,43.08051538614016],[-89.36146924195033,43.08056062008329],[-89.36146902686782,43.08056081619138],[-89.36138571580156,43.08063705467529],[-89.36134323979988,43.0806759236927],[-89.36131704423758,43.080689513896566],[-89.36129688708726,43.0806999713538],[-89.3612014455179,43.08074949092216],[-89.36116361043668,43.08076907496395],[-89.36111883535798,43.08079325300887],[-89.36124566576252,43.08089473061687],[-89.36146602290576,43.08107213454518],[-89.36176900240315,43.08131605332383],[-89.3626634570603,43.080674195186184],[-89.36354079215869,43.080053757147176],[-89.3638808624535,43.08034774495433]]]},"properties":{"NAME":"City of Madison","WardNumber":"44","AldDistrict":"6","SupDistrict":"6","AsmDistrict":"76","WardID":"0044"}},{"type":"Feature","geometry":{"type":"Polygon","coordinates":[[[-89.31667644681926,43.107337716540094],[-89.31667546423236,43.10739055408378],[-89.3166752113499,43.10744339589995],[-89.3166756881814,43.107496237488014],[-89.31667689228271,43.10754907254509],[-89.31667882612032,43.10760189657298],[-89.3166814884785,43.10765470326976],[-89.31668487936834,43.10770748723486],[-89.31668899880098,43.10776024306761],[-89.31669384432914,43.107812966265186],[-89.3166994184208,43.10786565142922],[-89.31670571863327,43.1079182913565],[-89.3167127437462,43.10797088244544],[-89.31672049499903,43.10802341929644],[-89.3167289699475,43.10807589560645],[-89.31673816982966,43.10812830687593],[-89.31674809097268,43.10818064680062],[-89.31675873338607,43.10823291087987],[-89.31677009708093,43.10828509371299],[-89.31678218084137,43.10833718899781],[-89.31679498099132,43.10838919223032],[-89.31680849876889,43.10844109891093],[-89.3168227317311,43.108492901836286],[-89.31683767865738,43.10854459740472],[-89.31685333833178,43.10859617931409],[-89.31686970830825,43.108647642161266],[-89.3168867885947,43.108698982345516],[-89.31690457551957,43.108750192662505],[-89.31692306786378,43.108801268610165],[-89.3169422631812,43.108852204785386],[-89.31696216148114,43.10890299668728],[-89.3169827590905,43.108953638011506],[-89.3170040547885,43.10900412515607],[-89.31702604490351,43.10905445091652],[-89.31704872944324,43.10910461169209],[-89.31707210350443,43.109154602077204],[-89.31709616709777,43.10920441667089],[-89.31712091654688,43.109254050968914],[-89.31714634940704,43.109303498667835],[-89.31717246200022,43.109352756163474],[-89.31719925433862,43.109401817154684],[-89.31722672151565,43.109450678036126],[-89.31725486231497,43.109499332505486],[-89.31728367183143,43.10954777605735],[-89.31731314884716,43.109596003289425],[-89.31734328968388,43.109644010597485],[-89.31737409066804,43.10969179167698],[-89.31740555058005,43.109739342025826],[-89.3174376632846,43.10978665803733],[-89.31747042879515,43.10983373251038],[-89.3175393090857,43.10992562074331],[-89.31768594714188,43.11012123786493],[-89.31773376759469,43.11018193367432],[-89.31778216474045,43.11024238336218],[-89.31783113489938,43.11030258422419],[-89.31788067561843,43.11036253445715],[-89.31793078567787,43.110422229558814],[-89.31798146262314,43.110481668625994],[-89.31803270277884,43.11054084625407],[-89.31808450614741,43.11059976154219],[-89.31813686659179,43.11065841178377],[-89.31818978412042,43.11071679247752],[-89.31824325628024,43.11077490182027],[-89.31829727816404,43.11083273620641],[-89.31835184977412,43.11089029473509],[-89.31840696743471,43.11094757200158],[-89.3184626286912,43.11100456710285],[-89.31852406159653,43.11106165921266],[-89.318586023408,43.11111844483428],[-89.31864851044651,43.11117492036316],[-89.3187115190314,43.11123108309476],[-89.3187750467092,43.11128693122594],[-89.31883909102768,43.1113424620532],[-89.31890364953476,43.111397672873245],[-89.3189687185496,43.1114525609816],[-89.31904236029116,43.1115149149819],[-89.31911553729638,43.111577561947286],[-89.3191882471077,43.11164050187637],[-89.31926048604664,43.111703730266264],[-89.31933225411123,43.11176724801794],[-89.32317572156619,43.11533904253654],[-89.32327251418853,43.11543074972706],[-89.32336881274037,43.115522735437395],[-89.32346461599353,43.115614998767654],[-89.32355992272137,43.115707537917736],[-89.32365472923989,43.11580035108556],[-89.32374903677669,43.1158934382734],[-89.32459523291692,43.11676181326393],[-89.32461089057752,43.11677752698837],[-89.32462599243065,43.1167935309681],[-89.32464052743538,43.1168098143928],[-89.32465448455062,43.11682636645201],[-89.32466785642127,43.11684317633859],[-89.32696411167142,43.11539396852483],[-89.32859039455546,43.114354432624005],[-89.33045912077556,43.11316653311738],[-89.33340005688534,43.111026377187606],[-89.33414295924098,43.11047769729555],[-89.33447679525105,43.110147854616564],[-89.3357485096863,43.10914142674226],[-89.33575178985087,43.10913877123152],[-89.3362557406226,43.10876726999911],[-89.33631778506773,43.108721351281716],[-89.33638034363749,43.10867580735635],[-89.33644341141036,43.10863064361898],[-89.33650698592682,43.10858586186727],[-89.336571062268,43.10854146569703],[-89.3366356342878,43.108497457803075],[-89.33670069952562,43.10845384088311],[-89.33676625429118,43.10841061853394],[-89.33683229121003,43.10836779344943],[-89.33689880782168,43.10832536832733],[-89.33696580043603,43.108283346764395],[-89.33703326167995,43.10824173055458],[-89.3371011890919,43.108200523295494],[-89.33716957898298,43.10815972768396],[-89.33723842398048,43.1081193455139],[-89.33730772039299,43.10807938128219],[-89.33737746453323,43.108039836785494],[-89.3374476514853,43.10800071381959],[-89.33751827510122,43.10796201687961],[-89.33758933169496,43.10792374686211],[-89.3376403598525,43.107897375700475],[-89.33769099049796,43.10787059737843],[-89.33774121871316,43.1078434145932],[-89.33779103835036,43.107815830941114],[-89.33784044326174,43.10778785001866],[-89.33788942729964,43.10775947542216],[-89.33793798554603,43.10773070984879],[-89.3379861118533,43.10770155689503],[-89.33803379884537,43.10767202015634],[-89.3380810440588,43.107642104131955],[-89.33812783889165,43.10761181061626],[-89.33817417965213,43.107581144107684],[-89.33822006019273,43.10755010820249],[-89.33826547436611,43.10751870649725],[-89.33831041725207,43.107486943489334],[-89.33835488270456,43.107454821875066],[-89.33839886703194,43.10742234615286],[-89.33844236408699,43.107389519919096],[-89.33848536894973,43.10735634767119],[-89.33852787670266,43.107322832106426],[-89.33870056137033,43.107428826775205],[-89.33881683297153,43.10733624466551],[-89.33864630602235,43.10723623199413],[-89.33859685795021,43.107211647529674],[-89.33854699776978,43.10718751189129],[-89.33849673530084,43.10716383048633],[-89.33844607668016,43.107140606919046],[-89.33839502927547,43.10711784299455],[-89.3383436029063,43.10709554412014],[-89.33829180371188,43.10707371209997],[-89.33823963905597,43.107052351439435],[-89.33818711876182,43.10703146484552],[-89.3381342501944,43.10701105592358],[-89.33808104071996,43.106991127378855],[-89.3380275001603,43.106971682818426],[-89.33797363465439,43.1069527240466],[-89.33791945402265,43.106934255570636],[-89.33786496440526,43.10691627829468],[-89.33781017685111,43.106898796726995],[-89.33775509872744,43.106881812672725],[-89.33769973740017,43.106865328837195],[-89.33764410269214,43.10684934792758],[-89.3375882019693,43.10683387264919],[-89.33753204505688,43.10681890390907],[-89.3374756393182,43.1068044462127],[-89.33741899457969,43.106790499567055],[-89.33736211820478,43.106777068477676],[-89.33730502001968,43.1067641529516],[-89.33724770861868,43.10675175569505],[-89.33718907658533,43.106741179227065],[-89.33713028542459,43.10673109136388],[-89.33707134127616,43.10672149300995],[-89.33701225273661,43.10671238507147],[-89.33695302594452,43.10670376935304],[-89.3368936707248,43.10669564676184],[-89.33683419321714,43.10668801820238],[-89.33677460078967,43.10668088458001],[-89.3367149020377,43.10667424770122],[-89.33665510433174,43.10666810667122],[-89.33659521626709,43.106662463296566],[-89.33653524398217,43.106657319381775],[-89.3364751948487,43.10665267313217],[-89.3364150786891,43.106648527255196],[-89.33635490287271,43.10664488175631],[-89.33629467354166,43.10664173573992],[-89.33623439928976,43.10663909191267],[-89.33617408748769,43.106636949380004],[-89.33611374796155,43.10663530814917],[-89.33605338562363,43.10663416822394],[-89.33538010981718,43.106625562329185],[-89.33538010600847,43.10662564963578],[-89.33537859801372,43.10666787118126],[-89.33058857072551,43.10658987933384],[-89.32701667058984,43.106531590404494],[-89.32701693059398,43.106500930584225],[-89.32401117033467,43.10646811102336],[-89.32293431413741,43.10645633350424],[-89.31938304466183,43.10642220348848],[-89.31670238977723,43.10639078782302],[-89.31669696983043,43.10655110469977],[-89.31668423830315,43.10701397378273],[-89.31667815664247,43.10728488866713],[-89.31667644681926,43.107337716540094]]]},"properties":{"NAME":"City of Madison","WardNumber":"27","AldDistrict":"12","SupDistrict":"6","AsmDistrict":"76","WardID":"0027"}},{"type":"Feature","geometry":{"type":"Polygon","coordinates":[[[-89.33538010981718,43.106625562329185],[-89.33605338562363,43.10663416822394],[-89.33611374796155,43.10663530814917],[-89.33617408748769,43.106636949380004],[-89.33623439928976,43.10663909191267],[-89.33629467354166,43.10664173573992],[-89.33635490287271,43.10664488175631],[-89.3364150786891,43.106648527255196],[-89.3364751948487,43.10665267313217],[-89.33653524398217,43.106657319381775],[-89.33659521626709,43.106662463296566],[-89.33665510433174,43.10666810667122],[-89.3367149020377,43.10667424770122],[-89.33677460078967,43.10668088458001],[-89.33683419321714,43.10668801820238],[-89.3368936707248,43.10669564676184],[-89.33695302594452,43.10670376935304],[-89.33701225273661,43.10671238507147],[-89.33707134127616,43.10672149300995],[-89.33713028542459,43.10673109136388],[-89.33718907658533,43.106741179227065],[-89.33724770861868,43.10675175569505],[-89.33730502001968,43.1067641529516],[-89.33736211820478,43.106777068477676],[-89.33741899457969,43.106790499567055],[-89.3374756393182,43.1068044462127],[-89.33753204505688,43.10681890390907],[-89.3375882019693,43.10683387264919],[-89.33764410269214,43.10684934792758],[-89.33769973740017,43.106865328837195],[-89.33775509872744,43.106881812672725],[-89.33781017685111,43.106898796726995],[-89.33786496440526,43.10691627829468],[-89.33791945402265,43.106934255570636],[-89.33797363465439,43.1069527240466],[-89.3380275001603,43.106971682818426],[-89.33808104071996,43.106991127378855],[-89.3381342501944,43.10701105592358],[-89.33818711876182,43.10703146484552],[-89.33823963905597,43.107052351439435],[-89.33829180371188,43.10707371209997],[-89.3383436029063,43.10709554412014],[-89.33839502927547,43.10711784299455],[-89.33844607668016,43.107140606919046],[-89.33849673530084,43.10716383048633],[-89.33854699776978,43.10718751189129],[-89.33859685795021,43.107211647529674],[-89.33864630602235,43.10723623199413],[-89.3386981917,43.107199124618965],[-89.33874961955648,43.107161678449565],[-89.33880058835969,43.10712389618604],[-89.33885109196488,43.10708577962462],[-89.33890112668053,43.107047333263814],[-89.33895068881898,43.10700855890165],[-89.33899977346034,43.106969461035696],[-89.33904837814532,43.10693004146491],[-89.33909649795426,43.10689030468693],[-89.3391441304268,43.106850253400815],[-89.33919126941707,43.10680989030297],[-89.3392379124637,43.10676921899261],[-89.33928405587785,43.10672824216797],[-89.33932619522814,43.10669033715996],[-89.3394649813029,43.10656549317044],[-89.3395016763608,43.10653364902118],[-89.339537812892,43.10650146421969],[-89.33957338597564,43.10646894416358],[-89.33960838946264,43.10643609424952],[-89.33964281843217,43.106402919875094],[-89.33967666550792,43.10636942553588],[-89.33970992699783,43.10633561663047],[-89.33974259552178,43.10630150035468],[-89.33977466738902,43.10626708120693],[-89.33980613767902,43.10623236458474],[-89.33983700024282,43.10619735588474],[-89.340265964721,43.10570614274518],[-89.3403123644774,43.1056542114906],[-89.3403593129125,43.10560254613792],[-89.34040680633656,43.105551149384155],[-89.34045484351572,43.10550002482812],[-89.34050341953417,43.105449173365756],[-89.3405525331558,43.10539860039605],[-89.34060218069214,43.10534830771587],[-89.34065235845254,43.105298298922335],[-89.34070306397484,43.10524857761343],[-89.34075429480032,43.10519914468675],[-89.34080604723603,43.10515000553956],[-89.34085831882341,43.10510116106952],[-89.34091110587077,43.10505261577383],[-89.34174883375887,43.104331434215005],[-89.34187228180066,43.104225159006546],[-89.34191461332892,43.10419558447425],[-89.34195744795325,43.1041664009214],[-89.34200077952578,43.10413761284363],[-89.34204460066915,43.10410922563584],[-89.34208890277898,43.10408124379196],[-89.34213368216543,43.104053670909174],[-89.34217892899457,43.1040265123807],[-89.34222463712118,43.103999770902035],[-89.34227079916694,43.10397345276803],[-89.34231740898785,43.1039475597742],[-89.34236445797734,43.10392209821464],[-89.34241193876314,43.10389706988379],[-89.3424598439671,43.10387248107678],[-89.34250816621704,43.1038483335881],[-89.34255689936447,43.10382463281354],[-89.34260603357929,43.10380138144605],[-89.34265556148709,43.103778583080356],[-89.34270547571232,43.103756242211375],[-89.34275576888174,43.10373436153372],[-89.34280643239154,43.103712945541446],[-89.34285745886977,43.10369199602923],[-89.34290883971259,43.103671517491016],[-89.3432065906048,43.10354574289156],[-89.34414960835632,43.10317087324207],[-89.34505149247816,43.10281234268264],[-89.34638862348633,43.10226624804386],[-89.34683924200897,43.10208120722119],[-89.34688299629086,43.10205925291342],[-89.3469263358901,43.102036860868296],[-89.34696924974769,43.102014033779305],[-89.34701173294303,43.101990777044364],[-89.34705377441617,43.10196709425696],[-89.34709536924773,43.101942989914896],[-89.3471365063744,43.101918470312086],[-89.34717718087921,43.101893538146115],[-89.34721738415789,43.10186819791228],[-89.34725710760395,43.10184245590618],[-89.34729634507002,43.10181631662473],[-89.34733508795183,43.1017897845633],[-89.34737333010219,43.101762864218884],[-89.34741106414305,43.10173556188778],[-89.34744828147046,43.10170788206544],[-89.34748497716451,43.101679830149706],[-89.34752114262008,43.101651411536075],[-89.34755677169014,43.101622630721494],[-89.34759185699687,43.10159349400236],[-89.34762639362056,43.10156400677653],[-89.34766037295533,43.10153417533961],[-89.34769379008355,43.10150400328926],[-89.34772663885394,43.101473498722875],[-89.34775891189238,43.101442665236505],[-89.34779060304865,43.10141151002744],[-89.34782170740328,43.10138003849358],[-89.34785221880733,43.101348256932056],[-89.34788213111182,43.101316171640036],[-89.34791143817007,43.101283787114475],[-89.34794013628778,43.101251111454346],[-89.34796821809007,43.101218149155876],[-89.34799567865535,43.101184907417],[-89.34819492310932,43.10093069463523],[-89.34861472602927,43.100397637899555],[-89.34868865617277,43.100302737586276],[-89.34889864474438,43.10002728270957],[-89.34892026396315,43.09999991104624],[-89.34894248718552,43.09997280169399],[-89.34896531071941,43.09994596005073],[-89.34898872595659,43.09991939421147],[-89.3490127279746,43.09989311137356],[-89.34903731062398,43.09986711783335],[-89.34906246652594,43.09984142078656],[-89.34908818953086,43.0998160265295],[-89.34911447226001,43.099790942258046],[-89.34914130979132,43.099766175169286],[-89.34916869229153,43.09974173065726],[-89.34919661361027,43.099717615918415],[-89.34922506637,43.09969383724835],[-89.34925404442147,43.09967040094348],[-89.34928353670223,43.099647313297],[-89.34931353952094,43.09962457970682],[-89.34934404181402,43.09960220736621],[-89.34937503743471,43.09958020077145],[-89.3494065165479,43.0995585671166],[-89.35103248813354,43.09835371084534],[-89.35186097607045,43.097716951011094],[-89.35110333010715,43.097199207590805],[-89.35112112758793,43.097188699184606],[-89.35113850665117,43.09717782057507],[-89.35115545131893,43.09716658075345],[-89.35117194929697,43.0971549896134],[-89.351187987064,43.097143056147694],[-89.35120354987039,43.0971307893484],[-89.35121862542007,43.09711820090933],[-89.35123320141889,43.097105300724195],[-89.35124726680118,43.09709209868737],[-89.35126080927095,43.097078606492744],[-89.35127381776142,43.09706483493485],[-89.35128628120496,43.09705079570823],[-89.3512981897632,43.09703649960823],[-89.35148306859963,43.09680026501256],[-89.35137637558802,43.09680146458238],[-89.35123095746901,43.096803098198414],[-89.35121927804127,43.0968030090469],[-89.35120760912838,43.09680338705236],[-89.35119598635266,43.09680422953644],[-89.35118444287801,43.096805535619666],[-89.35117301432986,43.096807299923626],[-89.35116173387517,43.09680951886851],[-89.3511506346861,43.096812184374095],[-89.35113974993271,43.096815290160244],[-89.35112911279037,43.09681882544648],[-89.35111875520505,43.09682278035165],[-89.35110870544116,43.09682714229193],[-89.35109899667518,43.096831899586796],[-89.35098782028003,43.096886252273855],[-89.35097612546423,43.09689094981607],[-89.35096414125256,43.09689523673173],[-89.35095189222193,43.09689910313494],[-89.35093940663296,43.096902540042166],[-89.35092671397467,43.096905538470665],[-89.35091384127425,43.09690809393686],[-89.35090081679026,43.096910199257366],[-89.35088767246211,43.0969118508517],[-89.35087443531792,43.09691304333602],[-89.35086113606572,43.096913775829414],[-89.35084780418717,43.096914045649775],[-89.35065889468488,43.09691000779618],[-89.35065998020286,43.097139241258695],[-89.35062449705855,43.09715377458015],[-89.35058892314413,43.09716818902067],[-89.35055326214244,43.09718248638276],[-89.35051751282745,43.0971966648652],[-89.35048167642654,43.09721072536898],[-89.35044575417021,43.097224666094505],[-89.35040974605651,43.09723848884178],[-89.35037365331601,43.097252191811485],[-89.35033747594875,43.097265775003436],[-89.35030121518328,43.09727923841835],[-89.350264872249,43.09729258115678],[-89.35022844714504,43.09730580411881],[-89.35019193987367,43.09731890550413],[-89.35015535289052,43.097331886214356],[-89.3501186874241,43.09734474625013],[-89.35008194102004,43.09735748380961],[-89.35004511736234,43.097370099795235],[-89.35000821645116,43.09738259420682],[-89.34997123951703,43.09739496524495],[-89.34993418532974,43.097407214708966],[-89.34989705634814,43.09741934080005],[-89.34985985379967,43.09743134441918],[-89.3498225764583,43.097443223765225],[-89.34978522677862,43.097454980639824],[-89.34974780476301,43.09746661324271],[-89.34971031163984,43.09747812157465],[-89.34967274740931,43.09748950563556],[-89.34963511452823,43.09750076542691],[-89.34959741176952,43.097511900047714],[-89.34955964036062,43.0975229103989],[-89.34952180153205,43.09753379468087],[-89.34948389651022,43.09754455469462],[-89.34944592529851,43.097555187739694],[-89.3494078891233,43.09756569561711],[-89.34936978798576,43.097576077426616],[-89.34933162434271,43.097586333169765],[-89.34929339696711,43.097596461945635],[-89.3492551070864,43.09760646465496],[-89.3492167559312,43.09761633949832],[-89.3491783447279,43.09762608827665],[-89.34913987470703,43.09763570919044],[-89.34910134464053,43.097645202238866],[-89.34906275575592,43.09765456832273],[-89.34902411051094,43.09766380654349],[-89.34898540890697,43.09767291600095],[-89.34894665094302,43.09768189759516],[-89.34890783784775,43.09769075132685],[-89.34886897085163,43.09769947539657],[-89.34883005118112,43.097708071605275],[-89.34879107761031,43.097716538151836],[-89.34875205259493,43.097724875937956],[-89.34871297736444,43.09773308406426],[-89.34867385069091,43.09774116252987],[-89.34863467625823,43.09774911223722],[-89.34859545161235,43.09775693138452],[-89.34855617920888,43.097764620873335],[-89.34851686027741,43.09777217980435],[-89.34847749604648,43.097779608178314],[-89.34843808528697,43.09778690689447],[-89.34839862922848,43.097794075053436],[-89.34835913032884,43.097801111756716],[-89.34831958858614,43.097808018804436],[-89.34828000400397,43.09781479349627],[-89.34824037903678,43.09782143763392],[-89.34820071245773,43.097827950316486],[-89.34816100672364,43.09783433154548],[-89.3481212618336,43.09784058222097],[-89.34808147901937,43.09784669964344],[-89.34804165827806,43.09785268651315],[-89.34800106605233,43.09785876917951],[-89.3479604395735,43.09786473029586],[-89.34791978006781,43.09787057166316],[-89.34787908876497,43.09787629238206],[-89.3478383668934,43.097881892453394],[-89.34779761322622,43.097887370976196],[-89.34775683144736,43.09789272885289],[-89.34771601910055,43.09789796608193],[-89.34767517864358,43.09790308176465],[-89.34763431007676,43.097908075901174],[-89.34759341339922,43.097912949391464],[-89.34755249106884,43.097917701337025],[-89.34751154308587,43.09792233173787],[-89.3474705694516,43.09792683969381],[-89.34742957016412,43.09793122700503],[-89.34738854890962,43.09793549277385],[-89.34734750323284,43.097939636098516],[-89.34730643558956,43.09794365788064],[-89.34726524276795,43.09794758775606],[-89.34722402676509,43.097951385286855],[-89.34718278880955,43.0979550504739],[-89.34714152890155,43.09795858331707],[-89.34710024827076,43.097961982917106],[-89.34705894814358,43.09796525107496],[-89.34701762852345,43.097968385090354],[-89.34697629063687,43.097971386764286],[-89.34693493448394,43.09797425609671],[-89.34689356252271,43.09797699218908],[-89.34685217475344,43.09797959504146],[-89.34681077117524,43.097982065553865],[-89.34676935301783,43.09798440282703],[-89.3467279215108,43.097986605961644],[-89.34668647788051,43.09798867675864],[-89.34664502090007,43.09799061431722],[-89.34660355425343,43.09799241953979],[-89.3465620767149,43.09799409062538],[-89.34652058828357,43.09799562847406],[-89.34647909264453,43.09799703308826],[-89.34643758857092,43.09799830356709],[-89.34639607728913,43.097999441711515],[-89.34635455880154,43.0980004457213],[-89.34631303556286,43.09800131739837],[-89.34627150757548,43.09800205494244],[-89.34622997606691,43.09800265925441],[-89.34618843981025,43.0980031294334],[-89.34614690248839,43.098003467282034],[-89.34610536287552,43.0980036709993],[-89.34606382220022,43.098003740585995],[-89.34602228168883,43.09800367784315],[-89.34598074257208,43.09800348097144],[-89.34593920484913,43.09800315087088],[-89.34589766852034,43.098002687541495],[-89.34585613604358,43.09800209008485],[-89.34581460864518,43.098001360301964],[-89.34577308387108,43.09800049639095],[-89.34573156663468,43.09799949835518],[-89.34569005447752,43.09799836799315],[-89.34564854985744,43.09799710440641],[-89.34560705277589,43.09799570669493],[-89.34556556568856,43.09799417576039],[-89.34552408736752,43.097992511602015],[-89.34548261904123,43.09799071422069],[-89.34544116193716,43.09798878451721],[-89.34539971728603,43.097986720692326],[-89.34535828508713,43.097984523646154],[-89.34531686656891,43.09798219337946],[-89.34527546295875,43.09797973079324],[-89.34523407425817,43.09797713498735],[-89.34519270046736,43.09797440596192],[-89.34492558967914,43.097953506561396],[-89.3448867996801,43.097950235509735],[-89.34484803196194,43.09794683124536],[-89.3448092852977,43.097943292867264],[-89.34477056214426,43.097939620377225],[-89.3447318625007,43.09793581467527],[-89.34469318882495,43.09793187486305],[-89.34465454111503,43.09792780274077],[-89.34461591937342,43.097923596508245],[-89.3445773248275,43.09791925706647],[-89.34453875870588,43.097914784416275],[-89.34450022223702,43.09791017855853],[-89.3444617154211,43.09790543949328],[-89.34442323948566,43.09790056812148],[-89.34438479443084,43.097895564443085],[-89.34434638394285,43.09789042756068],[-89.34430800556542,43.097885157472525],[-89.34426966175303,43.09787975598055],[-89.34423135250827,43.09787422128456],[-89.3441930802856,43.0978685551865],[-89.34415484508641,43.09786275678634],[-89.34411664691095,43.09785682608401],[-89.34407848698655,43.097850763980595],[-89.34384747415326,43.09781131134785],[-89.34380480146588,43.09780341256182],[-89.34376217563408,43.097795380577246],[-89.34371959542749,43.097787217193634],[-89.3436770633053,43.09777892061244],[-89.34363458049485,43.09777049173468],[-89.34359214576699,43.097761931459694],[-89.34354976157857,43.0977532397892],[-89.34350742793202,43.09774441492303],[-89.34346514605255,43.09773545956242],[-89.34342291594147,43.0977263728073],[-89.3433807388273,43.09771715465863],[-89.3433386159375,43.0977078060173],[-89.3432965472734,43.09769832598341],[-89.3432545340624,43.09768871545784],[-89.3432125763058,43.09767897354063],[-89.34317067645823,43.09766910203371],[-89.34312883329156,43.09765910093627],[-89.34308704803664,43.09764896844907],[-89.3430453231468,43.097638707274164],[-89.34300365616795,43.097628315609626],[-89.34296205078299,43.09761779525842],[-89.3429293768429,43.09760964383841],[-89.3428967571101,43.09760137273336],[-89.34286419526953,43.09759298194598],[-89.34283169132021,43.09758447237632],[-89.34279924526338,43.097575843124424],[-89.34276685832647,43.097567095091186],[-89.34273453173664,43.09755822917768],[-89.34270226672348,43.09754924448468],[-89.3426700632861,43.09754014191234],[-89.34263792142455,43.09753092146076],[-89.34260584359563,43.0975215831316],[-89.34257382979823,43.0975121278251],[-89.34254188003374,43.09750255464117],[-89.34250999675643,43.097492865381774],[-89.34247817996888,43.09748305824679],[-89.34244643089603,43.097473135937406],[-89.34241474954028,43.0974630966535],[-89.34237563747077,43.097450909942644],[-89.3423365992744,43.097438599056254],[-89.34229763372446,43.09742616309339],[-89.34225874327747,43.09741360205586],[-89.34221992793263,43.09740091684389],[-89.34218118891835,43.09738810745839],[-89.34214252623357,43.09737517479948],[-89.342103941108,43.09736211796806],[-89.34206543354063,43.097348937864304],[-89.34202700598813,43.09733563448998],[-89.3419886572213,43.09732220874438],[-89.34195038846858,43.097308660628535],[-89.34191220218788,43.09729498924407],[-89.34187409714863,43.097281196390455],[-89.34183607458061,43.09726728116846],[-89.34179813448159,43.097253245378454],[-89.3417602793105,43.09723908722199],[-89.34172250906539,43.09722480849935],[-89.3416848237462,43.097210409210646],[-89.34164722580971,43.09719588935765],[-89.34160971279836,43.097181249838876],[-89.34157228962661,43.097166489757655],[-89.34153495260857,43.0971516100117],[-89.34149770542804,43.097136611503764],[-89.3414605493146,43.09712149333466],[-89.34142348181072,43.0971062564028],[-89.3413865066013,43.09709090071101],[-89.34134962245585,43.09707542805864],[-89.34131283183345,43.09705983664724],[-89.3412761335048,43.097044127376236],[-89.34123952992532,43.0970283011475],[-89.34120301986697,43.097012357960246],[-89.34116660578636,43.09699629781637],[-89.34113028891065,43.096980121616795],[-89.338356809365,43.095760599549564],[-89.3381425127398,43.09566588420939],[-89.33272558447968,43.09328877533537],[-89.33258228335376,43.09322609906664],[-89.33255916093246,43.09324751684362],[-89.3324084943511,43.093444854598864],[-89.33229543409803,43.09363303707392],[-89.33218856210664,43.09387403226465],[-89.33210049369707,43.09411045073905],[-89.3320564009347,43.09426883901183],[-89.33199335394839,43.094532829148136],[-89.33197094104644,43.09486113820683],[-89.33195504037697,43.095021844794324],[-89.33197192063122,43.09508492809489],[-89.33199160806478,43.09514757255574],[-89.33201408313188,43.09520971155266],[-89.3320393201466,43.09527127755626],[-89.33206729341877,43.09533220573736],[-89.33209797357436,43.09539243036351],[-89.33213132632474,43.09545188659847],[-89.33216731614992,43.09551051140494],[-89.33220590507423,43.09556824084352],[-89.3322470514316,43.09562501457219],[-89.33229071110013,43.09568077134678],[-89.33233683749957,43.095735450821216],[-89.33238538159002,43.09578899444758],[-89.33243629064361,43.09584134547519],[-89.33248950947527,43.09589244715139],[-89.3325864732272,43.09600273040638],[-89.33268032413244,43.09609923601773],[-89.33277719380484,43.09627380684613],[-89.3328396105043,43.096441463132834],[-89.3329143839166,43.09673081617392],[-89.33295482417796,43.09693059959136],[-89.33295587130476,43.09698599162921],[-89.33294584676938,43.097062584977465],[-89.33293336104315,43.097138983783125],[-89.33291842277637,43.09721514574755],[-89.33290103816294,43.097291028569806],[-89.33288778620778,43.09735537533868],[-89.33287180548616,43.09741938873918],[-89.33285311450427,43.097483006677834],[-89.33283172808355,43.09754616705803],[-89.33280766964245,43.09760880868977],[-89.33278096137013,43.09767087128212],[-89.33275163036922,43.09773229454775],[-89.33271970251306,43.09779301909834],[-89.33268521104513,43.09785298555122],[-89.33264818797852,43.097912136322755],[-89.33260867024107,43.09797041293303],[-89.33249251247827,43.09812874573595],[-89.33237634863619,43.098291669818444],[-89.3321941785685,43.098596893489],[-89.3320246413263,43.098833247617776],[-89.33172637478094,43.09925088328835],[-89.33166040550937,43.09936792682062],[-89.33159052028526,43.09944652758198],[-89.33158779748742,43.09944544080727],[-89.33110816638789,43.099258375081185],[-89.33093349319648,43.09919063220268],[-89.33090486938427,43.09917858765335],[-89.33085520940223,43.09915922200773],[-89.3308151600704,43.09914293245135],[-89.33075636894392,43.0991185891252],[-89.33069783261091,43.09909391833621],[-89.3306328316572,43.09906601099018],[-89.33056815809391,43.0990376997246],[-89.33050381437438,43.09900898724232],[-89.33043980540991,43.09897987534798],[-89.33037613611054,43.098950366746394],[-89.33031281138878,43.09892046234211],[-89.33024983492625,43.09889016483907],[-89.33024980233874,43.09889060046089],[-89.32955376050839,43.09853172323199],[-89.32948018578978,43.098494143922515],[-89.32940488349288,43.09845864689467],[-89.32932790148232,43.09842525468656],[-89.3292492974459,43.098393991644265],[-89.32916911925133,43.098364877605654],[-89.32908746878186,43.09833795135452],[-89.32900443565079,43.098313242664],[-89.32892014385341,43.098290787636195],[-89.32883404819256,43.09827047331122],[-89.32874700688419,43.09825253081113],[-89.32865924707713,43.09823700982488],[-89.32857110276805,43.098223968230336],[-89.32848291778343,43.09821346121432],[-89.32839542035073,43.098205578483274],[-89.32831022057704,43.09820043027152],[-89.32822429466428,43.09819784578311],[-89.32597804063272,43.098187557395796],[-89.32597409263849,43.098277967255996],[-89.3258685430738,43.10093116005582],[-89.32580509925755,43.102525823333124],[-89.32403385640653,43.102569964867406],[-89.32362931873864,43.10258004219828],[-89.32362301203237,43.102736431606296],[-89.32356299543535,43.10422477469025],[-89.32502402109725,43.104188373080014],[-89.32574022108072,43.10417134855631],[-89.32567912129204,43.10569203732268],[-89.32823668382598,43.1043292237549],[-89.32881933524958,43.10400583792792],[-89.328853554786,43.10320031825843],[-89.3288545646626,43.103197798806164],[-89.32908818594481,43.103075243532786],[-89.32999192122826,43.10259347901749],[-89.33067022127119,43.10223033222864],[-89.33067015257764,43.10223191814747],[-89.3306534641534,43.10260209285135],[-89.3306332680779,43.10305005393401],[-89.33062546547707,43.1032231267278],[-89.33565219264388,43.10053436452748],[-89.33564201244084,43.10071911381701],[-89.33563997627972,43.10091855616984],[-89.33562663678883,43.10121136171045],[-89.33562164013827,43.10132104756279],[-89.33561664224156,43.10143073341171],[-89.33561164555533,43.10154041925916],[-89.33560664762295,43.1016501051032],[-89.33560165090105,43.10175979094576],[-89.33559665416134,43.10186947678582],[-89.33559165617672,43.10197916172242],[-89.3355866594014,43.10208884755764],[-89.33558166260819,43.1021985333904],[-89.33557666456882,43.102308219219765],[-89.33557170955753,43.102416995979766],[-89.33557166773997,43.10241790504761],[-89.3355643272347,43.102582436602226],[-89.33555933036155,43.102692122424],[-89.33555433224218,43.1028018082423],[-89.33554933533337,43.10291149405917],[-89.33554433840672,43.10302117987354],[-89.33553934023514,43.10313086478444],[-89.33553434327283,43.103240550593945],[-89.33552934629273,43.10335023640095],[-89.33552434806639,43.103459922204614],[-89.335516852536,43.103624450906906],[-89.33551185426505,43.1037341367044],[-89.33550685720466,43.10384382250042],[-89.33550186012646,43.10395350829392],[-89.33549686180201,43.1040631940841],[-89.33549186468815,43.10417287987272],[-89.33548686632804,43.104282565657975],[-89.33548186917848,43.104392251441695],[-89.33547687201116,43.104501937222956],[-89.33546937499827,43.1046664658893],[-89.33546437778632,43.10477615166443],[-89.33545938055653,43.10488583743709],[-89.33545438208176,43.10499552230628],[-89.33544938481634,43.10510520807401],[-89.33544438753303,43.10521489383931],[-89.33543938900353,43.1053245796012],[-89.33543439168456,43.105434265361595],[-89.33542939311936,43.105543951118555],[-89.33542189708078,43.10570847975081],[-89.33541689969942,43.105818165502534],[-89.3354119010718,43.10592785125093],[-89.33540690365474,43.10603753699776],[-89.3354019062199,43.10614722274215],[-89.33539690753877,43.1062569084831],[-89.33538010981718,43.106625562329185]]]},"properties":{"NAME":"City of Madison","WardNumber":"18","AldDistrict":"15","SupDistrict":"6","AsmDistrict":"76","WardID":"0018"}},{"type":"Feature","geometry":{"type":"Polygon","coordinates":[[[-89.35065889468488,43.09691000779618],[-89.35084780418717,43.096914045649775],[-89.35086113606572,43.096913775829414],[-89.35087443531792,43.09691304333602],[-89.35088767246211,43.0969118508517],[-89.35090081679026,43.096910199257366],[-89.35091384127425,43.09690809393686],[-89.35092671397467,43.096905538470665],[-89.35093940663296,43.096902540042166],[-89.35095189222193,43.09689910313494],[-89.35096414125256,43.09689523673173],[-89.35097612546423,43.09689094981607],[-89.35098782028003,43.096886252273855],[-89.35109899667518,43.096831899586796],[-89.35110870544116,43.09682714229193],[-89.35111875520505,43.09682278035165],[-89.35112911279037,43.09681882544648],[-89.35113974993271,43.096815290160244],[-89.3511506346861,43.096812184374095],[-89.35116173387517,43.09680951886851],[-89.35117301432986,43.096807299923626],[-89.35118444287801,43.096805535619666],[-89.35119598635266,43.09680422953644],[-89.35120760912838,43.09680338705236],[-89.35121927804127,43.0968030090469],[-89.35123095746901,43.096803098198414],[-89.35137637558802,43.09680146458238],[-89.35148306859963,43.09680026501256],[-89.3512981897632,43.09703649960823],[-89.35128628120496,43.09705079570823],[-89.35127381776142,43.09706483493485],[-89.35126080927095,43.097078606492744],[-89.35124726680118,43.09709209868737],[-89.35123320141889,43.097105300724195],[-89.35121862542007,43.09711820090933],[-89.35120354987039,43.0971307893484],[-89.351187987064,43.097143056147694],[-89.35117194929697,43.0971549896134],[-89.35115545131893,43.09716658075345],[-89.35113850665117,43.09717782057507],[-89.35112112758793,43.097188699184606],[-89.35110333010715,43.097199207590805],[-89.35186097607045,43.097716951011094],[-89.35270916152254,43.09708147071896],[-89.35403574539087,43.096078131147934],[-89.3555785440134,43.09491217760748],[-89.35695894227155,43.09387202285535],[-89.3583093279483,43.092890437341474],[-89.35923547085403,43.09219859644898],[-89.36069625763338,43.09114728184665],[-89.36170702407624,43.0904311932133],[-89.36189535928489,43.09029500122907],[-89.36189753679355,43.0902962193121],[-89.36200356363486,43.090221102356594],[-89.36146930772314,43.08988682615207],[-89.36069761604436,43.089480260820864],[-89.35939575645678,43.08875851654923],[-89.35826736141799,43.08821263506354],[-89.35715539099786,43.08765289197532],[-89.35664762488508,43.08736509924677],[-89.35621211423808,43.087054529279314],[-89.35526651440105,43.086319252017105],[-89.35431469591717,43.08559765368201],[-89.35403558906755,43.085434721580185],[-89.35396958742153,43.08547543972625],[-89.35390111774129,43.085457208737274],[-89.35381882009642,43.08545805789011],[-89.35375195538113,43.085474144127105],[-89.35369073523432,43.08549744531483],[-89.35362212471321,43.08553066475601],[-89.35348985361476,43.08561582768998],[-89.35342900145889,43.085662343466154],[-89.35228099935819,43.08644205342796],[-89.35226963900598,43.08645252186186],[-89.35213892767972,43.086572969034826],[-89.35128416875787,43.08736059161188],[-89.35108357316543,43.087526067684756],[-89.35095468043622,43.08765117803738],[-89.35072462197654,43.08789110316581],[-89.35062440547539,43.08796603062604],[-89.35037340953923,43.08819630456104],[-89.35025890651853,43.08827896089611],[-89.35019460688498,43.088315039699026],[-89.35011594238405,43.08836665955828],[-89.35001958224811,43.08841297111092],[-89.3498555360719,43.08847972340581],[-89.34975716246818,43.08852311713781],[-89.34979084050438,43.088861999345426],[-89.34979290236514,43.08892466475526],[-89.34987817701588,43.08961985553806],[-89.34996340233202,43.09035971631919],[-89.35105357597881,43.090304368884794],[-89.35102940921621,43.09101794349371],[-89.35102101909686,43.091265650363624],[-89.35099562354246,43.091733125900696],[-89.35097682314982,43.09206573630089],[-89.35097225930487,43.09219927230891],[-89.35097161256633,43.09221367440764],[-89.35097164745368,43.09222808323123],[-89.35097236644138,43.092242483479545],[-89.35097376586742,43.0922568562482],[-89.35097584698019,43.092271184436],[-89.35097860611438,43.092285451838904],[-89.35098203837873,43.09229964045174],[-89.35098614256634,43.09231373227169],[-89.35099091132635,43.09232771199252],[-89.35099633976837,43.092341560708846],[-89.3510024205405,43.092355264014536],[-89.35100914752314,43.092368803903575],[-89.35101651336636,43.092382164169614],[-89.35102450703471,43.092395329503816],[-89.35103311872292,43.09240828279815],[-89.35109095532329,43.092476679544795],[-89.35128070743686,43.0926849679127],[-89.35128776676935,43.09269369065534],[-89.35129540242552,43.092702148225115],[-89.35130359600569,43.092710320808244],[-89.35131232788304,43.09271818769018],[-89.35132157719934,43.09272573085593],[-89.35133132186921,43.092732931389534],[-89.35134153734771,43.0927397730739],[-89.35135219909205,43.09274623789172],[-89.35136328132808,43.09275231052519],[-89.35137475705127,43.09275797745599],[-89.35138660048744,43.0927632233664],[-89.35139877971719,43.092768036535176],[-89.35141126896207,43.09277240524503],[-89.35142403507346,43.09277631867416],[-89.35143704735805,43.092779766902375],[-89.35153242148573,43.09280238773745],[-89.35152392038847,43.0928042024902],[-89.35080030070945,43.092958686651265],[-89.35076275324916,43.09386284414846],[-89.35072031624287,43.09521283127183],[-89.35070553341352,43.09559815375437],[-89.35065889468488,43.09691000779618]]]},"properties":{"NAME":"City of Madison","WardNumber":"40","AldDistrict":"6","SupDistrict":"6","AsmDistrict":"76","WardID":"0040"}},{"type":"Feature","geometry":{"type":"Polygon","coordinates":[[[-89.33870056137033,43.107428826775205],[-89.33873773011604,43.107449586728315],[-89.33877450035105,43.107470722619645],[-89.33881086716406,43.10749223264585],[-89.33884682073605,43.10751411049947],[-89.3388823561595,43.10753635167681],[-89.33891746729465,43.10755895437363],[-89.33895214432361,43.107581911382354],[-89.33898638356465,43.10760522000042],[-89.33902017642592,43.1076288748214],[-89.33905351676991,43.10765287224083],[-89.33908639969007,43.1076772068549],[-89.33911881659313,43.10770187415738],[-89.33915076257242,43.10772686874441],[-89.34084751611351,43.10912426154359],[-89.34094519645471,43.10920470510583],[-89.34152844101715,43.10968554000422],[-89.34156658892368,43.10971646991744],[-89.34160528526938,43.10974703296414],[-89.34164452392119,43.10977722193875],[-89.341684297514,43.10980703233496],[-89.34172460114078,43.10983645874825],[-89.3417654262067,43.109865497571604],[-89.34180676534996,43.10989414159854],[-89.34184861366114,43.10992238722467],[-89.34189096131777,43.10995022994205],[-89.34193380341267,43.1099776643461],[-89.34197713135191,43.11000468592982],[-89.34202093776999,43.11003129018698],[-89.34206521530129,43.11005747261143],[-89.34210995535287,43.11008322779599],[-89.34215515301506,43.11010855213628],[-89.34220079846385,43.11013344202456],[-89.34224688310624,43.11015789205375],[-89.34229340203338,43.110181897719336],[-89.34234034419168,43.11020545631285],[-89.34238770344369,43.11022856332901],[-89.34243547119509,43.110251214260785],[-89.34248363885021,43.11027340550133],[-89.34253219781324,43.1102951334438],[-89.34258114194685,43.11031639358288],[-89.34263046019575,43.110337184110236],[-89.34268014642365,43.11035749962061],[-89.34273019080487,43.110377337406376],[-89.34278058474365,43.11039669386068],[-89.34283131964399,43.11041556537677],[-89.34288238813615,43.110433950148796],[-89.34293377916937,43.110451842768235],[-89.34298548537268,43.110469242329344],[-89.34303749815005,43.11048614522544],[-89.34308980890536,43.11050254784973],[-89.34314240658416,43.110518447493966],[-89.34319528504513,43.11053384235325],[-89.3432484332349,43.11054872881919],[-89.34330184255501,43.11056310508531],[-89.34335550317944,43.11057696844421],[-89.34340940773927,43.11059031619015],[-89.34346354517885,43.11060314651501],[-89.34351790690053,43.11061545671229],[-89.34357248430575,43.11062724497553],[-89.34362726756721,43.11063850949749],[-89.34368224685764,43.11064924847099],[-89.34373741357946,43.110659459189534],[-89.34379275790407,43.110669140746],[-89.34384827000542,43.11067829043318],[-89.3439039412823,43.1106869082449],[-89.34395976067997,43.11069499147311],[-89.34401571959832,43.11070253921164],[-89.34407180943747,43.11070955055429],[-89.34412801914138,43.11071602369315],[-89.34418433888142,43.11072195772129],[-89.34423648769368,43.11072696178146],[-89.34428871572631,43.11073150412199],[-89.3443410143806,43.11073558293675],[-89.34439337628298,43.110739199120715],[-89.34444579406345,43.11074235086863],[-89.34449826034948,43.11074503817537],[-89.34455076654014,43.11074726103511],[-89.34460330649392,43.1107490176433],[-89.34465587160751,43.11075030979437],[-89.34470845328222,43.110751135682285],[-89.34476104537303,43.11075149620298],[-89.3448136392801,43.110751390450424],[-89.3469324656115,43.11076242779736],[-89.34895916131043,43.110771979088454],[-89.3490055532355,43.11077214287252],[-89.34905193470571,43.1107728331879],[-89.34909829712262,43.110774050029015],[-89.3491446282029,43.110775792488],[-89.34919091566138,43.11077806145722],[-89.34923715090166,43.11078085513098],[-89.34928332163942,43.11078417350153],[-89.34932941559262,43.11078801476091],[-89.34937542293302,43.11079237980308],[-89.3494213326082,43.11079726592084],[-89.34946713479192,43.11080267220795],[-89.3495128159715,43.11080859865599],[-89.34955836632292,43.11081504255852],[-89.34960377479251,43.1108220021085],[-89.34964903032555,43.11082947639902],[-89.34969412309597,43.11083746452396],[-89.34973904205317,43.11084596197602],[-89.34978377491176,43.11085496964767],[-89.3498283130783,43.110864483033225],[-89.34987264304092,43.11087450122436],[-89.34991675743252,43.110885021516246],[-89.34996064274327,43.11089604120042],[-89.35000429037754,43.11090755757136],[-89.35004769051106,43.11091956792283],[-89.35009082963397,43.110932069546436],[-89.35013370037902,43.110945059737396],[-89.35017629046692,43.11095853398792],[-89.35021859129978,43.110972491392715],[-89.35026059182778,43.11098692654462],[-89.35030228099905,43.111001835836596],[-89.35034365144509,43.11101721746424],[-89.35038469088659,43.1110330669196],[-89.35042538949993,43.11104938059655],[-89.35046573992085,43.11106615309023],[-89.35050572986665,43.11108338259315],[-89.35054535074434,43.11110106369965],[-89.35058459273137,43.11111919190356],[-89.35062344723164,43.11113776449955],[-89.35066190442456,43.11115677518124],[-89.35069995448745,43.11117621944236],[-89.35073758882501,43.111196093677535],[-89.35077479884313,43.11121639338142],[-89.35081157472105,43.11123711224751],[-89.35109129818495,43.111401644922616],[-89.35262836833918,43.11233376103091],[-89.35367452311506,43.11293679336532],[-89.35429947784942,43.11331895157765],[-89.35437098393275,43.11336267654851],[-89.35435815470072,43.1131848773813],[-89.35434463715184,43.112982047775695],[-89.35433740077839,43.11277889707316],[-89.35433645250744,43.11257561974088],[-89.35437710468658,43.108205590935],[-89.3543839976775,43.108063569259144],[-89.35439740786614,43.10792201419362],[-89.35441730693557,43.10778122464581],[-89.35444365286695,43.107641497906656],[-89.35447639002825,43.107503129022845],[-89.35451544929177,43.10736641017386],[-89.35456074818002,43.107231630054926],[-89.35461219103999,43.10709907326749],[-89.35466966924501,43.1069690197182],[-89.35473306142423,43.10684174402787],[-89.354647128247,43.1068404989201],[-89.35249394822952,43.10683364364925],[-89.35125152743628,43.106831079281015],[-89.35125829331218,43.105156424552575],[-89.35125747371664,43.105139600314416],[-89.35125597354448,43.10512280085716],[-89.35125379400797,43.10510604058305],[-89.35125093631643,43.105089336594745],[-89.35124740291266,43.10507270149501],[-89.35124319869428,43.10505614968844],[-89.35123832609996,43.10503969737818],[-89.3512327887999,43.10502335806793],[-89.35122659169062,43.10500714706229],[-89.35121974212859,43.104991076967025],[-89.35121224501033,43.104975163086856],[-89.35082913949917,43.104187623534045],[-89.35035209155872,43.10320032335698],[-89.35006342732002,43.10261554506145],[-89.35002561196148,43.10253690303303],[-89.3499032297236,43.10227098804379],[-89.34978570443937,43.102030993417664],[-89.34952114470494,43.10150690811164],[-89.34941253463333,43.1012736820677],[-89.3491132405512,43.100646010994794],[-89.3491027483063,43.100635502843474],[-89.34909174842488,43.10062527789806],[-89.34908025563215,43.100615348769146],[-89.34906828342487,43.10060572806664],[-89.3490558489848,43.10059642840274],[-89.34904296580966,43.10058746148715],[-89.3490296523095,43.10057883993294],[-89.34901592567022,43.10057057275194],[-89.34900180184516,43.10056267255551],[-89.34898730170514,43.10055514835791],[-89.34897244120552,43.100548010970385],[-89.34895724121816,43.10054126850701],[-89.34879809794239,43.100474533157346],[-89.34870646717489,43.1004361094534],[-89.34861472602927,43.100397637899555],[-89.34819492310932,43.10093069463523],[-89.34799567865535,43.101184907417],[-89.34796821809007,43.101218149155876],[-89.34794013628778,43.101251111454346],[-89.34791143817007,43.101283787114475],[-89.34788213111182,43.101316171640036],[-89.34785221880733,43.101348256932056],[-89.34782170740328,43.10138003849358],[-89.34779060304865,43.10141151002744],[-89.34775891189238,43.101442665236505],[-89.34772663885394,43.101473498722875],[-89.34769379008355,43.10150400328926],[-89.34766037295533,43.10153417533961],[-89.34762639362056,43.10156400677653],[-89.34759185699687,43.10159349400236],[-89.34755677169014,43.101622630721494],[-89.34752114262008,43.101651411536075],[-89.34748497716451,43.101679830149706],[-89.34744828147046,43.10170788206544],[-89.34741106414305,43.10173556188778],[-89.34737333010219,43.101762864218884],[-89.34733508795183,43.1017897845633],[-89.34729634507002,43.10181631662473],[-89.34725710760395,43.10184245590618],[-89.34721738415789,43.10186819791228],[-89.34717718087921,43.101893538146115],[-89.3471365063744,43.101918470312086],[-89.34709536924773,43.101942989914896],[-89.34705377441617,43.10196709425696],[-89.34701173294303,43.101990777044364],[-89.34696924974769,43.102014033779305],[-89.3469263358901,43.102036860868296],[-89.34688299629086,43.10205925291342],[-89.34683924200897,43.10208120722119],[-89.34638862348633,43.10226624804386],[-89.34505149247816,43.10281234268264],[-89.34414960835632,43.10317087324207],[-89.3432065906048,43.10354574289156],[-89.34290883971259,43.103671517491016],[-89.34285745886977,43.10369199602923],[-89.34280643239154,43.103712945541446],[-89.34275576888174,43.10373436153372],[-89.34270547571232,43.103756242211375],[-89.34265556148709,43.103778583080356],[-89.34260603357929,43.10380138144605],[-89.34255689936447,43.10382463281354],[-89.34250816621704,43.1038483335881],[-89.3424598439671,43.10387248107678],[-89.34241193876314,43.10389706988379],[-89.34236445797734,43.10392209821464],[-89.34231740898785,43.1039475597742],[-89.34227079916694,43.10397345276803],[-89.34222463712118,43.103999770902035],[-89.34217892899457,43.1040265123807],[-89.34213368216543,43.104053670909174],[-89.34208890277898,43.10408124379196],[-89.34204460066915,43.10410922563584],[-89.34200077952578,43.10413761284363],[-89.34195744795325,43.1041664009214],[-89.34191461332892,43.10419558447425],[-89.34187228180066,43.104225159006546],[-89.34174883375887,43.104331434215005],[-89.34091110587077,43.10505261577383],[-89.34085831882341,43.10510116106952],[-89.34080604723603,43.10515000553956],[-89.34075429480032,43.10519914468675],[-89.34070306397484,43.10524857761343],[-89.34065235845254,43.105298298922335],[-89.34060218069214,43.10534830771587],[-89.3405525331558,43.10539860039605],[-89.34050341953417,43.105449173365756],[-89.34045484351572,43.10550002482812],[-89.34040680633656,43.105551149384155],[-89.3403593129125,43.10560254613792],[-89.3403123644774,43.1056542114906],[-89.340265964721,43.10570614274518],[-89.33983700024282,43.10619735588474],[-89.33980613767902,43.10623236458474],[-89.33977466738902,43.10626708120693],[-89.33974259552178,43.10630150035468],[-89.33970992699783,43.10633561663047],[-89.33967666550792,43.10636942553588],[-89.33964281843217,43.106402919875094],[-89.33960838946264,43.10643609424952],[-89.33957338597564,43.10646894416358],[-89.339537812892,43.10650146421969],[-89.3395016763608,43.10653364902118],[-89.3394649813029,43.10656549317044],[-89.33932619522814,43.10669033715996],[-89.33928405587785,43.10672824216797],[-89.3392379124637,43.10676921899261],[-89.33919126941707,43.10680989030297],[-89.3391441304268,43.106850253400815],[-89.33909649795426,43.10689030468693],[-89.33904837814532,43.10693004146491],[-89.33899977346034,43.106969461035696],[-89.33895068881898,43.10700855890165],[-89.33890112668053,43.107047333263814],[-89.33885109196488,43.10708577962462],[-89.33880058835969,43.10712389618604],[-89.33874961955648,43.107161678449565],[-89.3386981917,43.107199124618965],[-89.33864630602235,43.10723623199413],[-89.33881683297153,43.10733624466551],[-89.33870056137033,43.107428826775205]]]},"properties":{"NAME":"City of Madison","WardNumber":"28","AldDistrict":"12","SupDistrict":"2","AsmDistrict":"76","WardID":"0028"}},{"type":"Feature","geometry":{"type":"Polygon","coordinates":[[[-89.375544052209,43.148339294252466],[-89.37650017060719,43.14834508027786],[-89.3789829625529,43.14836006743019],[-89.37916618762975,43.14836117062495],[-89.37936266549112,43.14836257551416],[-89.38188327169259,43.148383351047336],[-89.38190806088518,43.148382547889746],[-89.38193280740377,43.148381208258],[-89.38195748912044,43.148379332144394],[-89.38198208390556,43.14837692224152],[-89.38200657085987,43.14837397944206],[-89.38203092785272,43.14837050823886],[-89.38205513398488,43.148366509524735],[-89.38207916712551,43.14836198779247],[-89.38210300637384,43.14835694663523],[-89.38212663328638,43.14835139144725],[-89.38215002327452,43.148345325820365],[-89.38217315789417,43.148338756048965],[-89.38219601747274,43.14833168752682],[-89.38221858110768,43.148324126547465],[-89.38224082912531,43.14831608030495],[-89.38226274185298,43.148307554193025],[-89.38228429961592,43.14829855720605],[-89.38230548396974,43.148289096538434],[-89.38232627769885,43.14827918028527],[-89.38234665989854,43.14826881834047],[-89.38236661458268,43.148258018799446],[-89.3823861245345,43.14824679155749],[-89.38240517130878,43.14823514560928],[-89.38242373768828,43.148223091750154],[-89.38244181014326,43.148210641676854],[-89.38245937022847,43.14819780438409],[-89.38247592228424,43.148184976639925],[-89.38249196317204,43.14817180488166],[-89.38250748059089,43.14815830170651],[-89.38252246101237,43.148144477010916],[-89.38253689213613,43.14813034249212],[-89.3825507616619,43.14811590984709],[-89.38256405851827,43.14810119167358],[-89.3825767728641,43.14808619876945],[-89.38263123417951,43.14800756771224],[-89.38287618124066,43.14809215885365],[-89.382890246983,43.14809752191964],[-89.38290462034239,43.14810242694359],[-89.38291927428065,43.148106864015006],[-89.38293418175786,43.14811082592381],[-89.38294931204679,43.14811430455857],[-89.38296463564937,43.148117291808305],[-89.38298012429452,43.148119783162755],[-89.38299574848197,43.14812177411134],[-89.38301147625276,43.14812326014262],[-89.38302727810536,43.148124238546195],[-89.38304312330892,43.14812470661127],[-89.38305898113042,43.14812466522735],[-89.38307482206703,43.14812411348429],[-89.383090614157,43.14812305137125],[-89.38310632666492,43.14812148337811],[-89.38312193008692,43.14811941039502],[-89.38313739368768,43.14811683691191],[-89.38315268918916,43.14811376921981],[-89.38316778462742,43.14811021090831],[-89.38318265172276,43.14810617096881],[-89.38319726219677,43.14810165659238],[-89.38321158777042,43.14809667587035],[-89.383225600163,43.148091239594315],[-89.38323927232442,43.148085356756006],[-89.3847699737094,43.14732142057056],[-89.3857585135566,43.14681404970249],[-89.38581250596613,43.14678773652467],[-89.38586689266158,43.14676186269058],[-89.38592166626758,43.14673642909732],[-89.38597681940604,43.14671144114261],[-89.3860323471602,43.14668689972443],[-89.38608824092276,43.14666281024009],[-89.3861444957776,43.14663917268751],[-89.38620110311747,43.14661599246396],[-89.38625805556671,43.14659327136684],[-89.38631534820715,43.146571012994436],[-89.38637297366357,43.146549218244054],[-89.38643092332953,43.14652789161294],[-89.38648919105876,43.146507034898875],[-89.3865477707049,43.14648664989962],[-89.38660665366216,43.14646674021245],[-89.38666583378372,43.1464473085352],[-89.38672530369423,43.14642835666541],[-89.38678505478897,43.14640988640005],[-89.38684508092075,43.146391901337154],[-89.38690537594452,43.14637440147445],[-89.38696593002486,43.146357391308925],[-89.38702673701619,43.1463408717384],[-89.3870877907721,43.14632484546086],[-89.38714908145926,43.14630931337292],[-89.38760423987947,43.14621278746038],[-89.3877202984152,43.14618817438427],[-89.38900765102886,43.14590915405401],[-89.38965234861566,43.14577337142672],[-89.38969058926448,43.14576595024151],[-89.38972900419128,43.1457590295433],[-89.38976758233335,43.14575261022892],[-89.38980631016751,43.14574669679486],[-89.38984517540293,43.14574128833736],[-89.38988416574605,43.14573638845318],[-89.38992327013436,43.145731998039196],[-89.38996247504612,43.145728118891626],[-89.3900017681895,43.14572475190706],[-89.39004113727258,43.14572189798199],[-89.39008056877383,43.14571955891274],[-89.3901200504022,43.145717733795735],[-89.3901595710943,43.145716425328054],[-89.39019911733035,43.14571563170576],[-89.39023867681802,43.14571535472552],[-89.3902782372659,43.14571559438392],[-89.39031778392469,43.145716349776755],[-89.39035730696145,43.14571762090134],[-89.39039679285548,43.14571940775391],[-89.39043622931591,43.14572170943096],[-89.39143432466311,43.145732873950706],[-89.39152481086428,43.145733885626946],[-89.39153475055193,43.14573375597601],[-89.39154465239116,43.14573310966207],[-89.39155446598109,43.14573195027198],[-89.3915641421502,43.14573028139299],[-89.39157363172333,43.145728113813064],[-89.39158288675503,43.14572545742045],[-89.39159186052731,43.14572232570402],[-89.39160050755012,43.14571873485331],[-89.39160878356185,43.14571470285848],[-89.39161664798766,43.14571024951068],[-89.39162405902124,43.14570539910128],[-89.39163097977423,43.145700174122815],[-89.39163903807672,43.14569393324522],[-89.39164654217062,43.14568733218294],[-89.39165346254133,43.14568039703074],[-89.39165977090171,43.145673157484296],[-89.3916654438834,43.14566563964005],[-89.39167045934417,43.14565787589543],[-89.39180874111125,43.1456579225827],[-89.39232577129602,43.14566385883073],[-89.39266325648798,43.14566773666803],[-89.39295582482393,43.14567280546912],[-89.39335286154109,43.145679719874344],[-89.39339031855887,43.14568037197004],[-89.3938189379219,43.14568783365707],[-89.39408115557015,43.14569239790777],[-89.39438083521271,43.145697614231615],[-89.39440511581955,43.14530511579384],[-89.39441074161442,43.145216368216],[-89.39480160462367,43.145220961970765],[-89.3948257403885,43.145221258473214],[-89.39484987762023,43.14522102211734],[-89.39487399419131,43.145220254697854],[-89.39489806797495,43.14521895620963],[-89.39492207807332,43.14521712754774],[-89.39494600235841,43.14521477140719],[-89.39496981747398,43.145211888682624],[-89.39499350497938,43.145208482970105],[-89.3950170415175,43.14520455696438],[-89.39504040618932,43.14520011426103],[-89.39506357686616,43.145195159355275],[-89.39508653387834,43.145189695843015],[-89.3951092563264,43.14518372821983],[-89.3951317233099,43.14517726368164],[-89.39515391515864,43.14517030672443],[-89.3951758097431,43.145162864543856],[-89.39519738985072,43.14515494343663],[-89.39521863458162,43.14514654969872],[-89.39523952426387,43.1451376923265],[-89.39526004045516,43.145128379416704],[-89.39528016471365,43.145118618165824],[-89.39529987982603,43.14510841757101],[-89.39531916612009,43.14509778752882],[-89.39533800638259,43.14508673703633],[-89.39546444894238,43.14501168106341],[-89.39554824692016,43.14496512990585],[-89.39565547199823,43.1449055652078],[-89.39241408104284,43.141934184777504],[-89.3922171535593,43.142011530427425],[-89.39182395797954,43.141645341642125],[-89.39178154196402,43.141606200709305],[-89.39173857026235,43.141567386345834],[-89.39169504778977,43.14152890215271],[-89.39165097946096,43.14149075263112],[-89.391606370191,43.14145294138209],[-89.39156122489457,43.14141547290677],[-89.39151554725662,43.14137835260609],[-89.39146934465138,43.14134158228156],[-89.39142842309006,43.14131105099111],[-89.39138700112318,43.14128088318814],[-89.39134508366415,43.141251085174034],[-89.391302678086,43.14122166055062],[-89.391259789303,43.14119261381916],[-89.39121642345891,43.14116394858118],[-89.39117258792628,43.14113566933851],[-89.39112828884873,43.141107779692724],[-89.3910835335983,43.141080285045824],[-89.39103832586072,43.141053188098596],[-89.39099267546615,43.14102649425367],[-89.39094658732996,43.14100020531207],[-89.39090006759422,43.14097432757562],[-89.39085312486169,43.14094886284635],[-89.39080576527536,43.14092381562587],[-89.39075799620771,43.140899189516],[-89.39070982257259,43.140874989018116],[-89.39066125420163,43.14085121593457],[-89.39061229600857,43.1408278747667],[-89.39056295659535,43.14080496821665],[-89.39051324210472,43.1407825007861],[-89.39046316113864,43.14076047517723],[-89.3904127198403,43.14073889499166],[-89.39036192558277,43.140717762031066],[-89.39031078573782,43.1406970807976],[-89.39025930890722,43.14067685399345],[-89.39020750246367,43.14065708432043],[-89.3901553725505,43.14063777448015],[-89.39010292776895,43.140618928074936],[-89.39005017549201,43.14060054690669],[-89.3880886211455,43.13990762975412],[-89.38807344644827,43.14025918572939],[-89.38805806941222,43.14064937624779],[-89.38805249899124,43.14080182939087],[-89.38805185259005,43.14083696427054],[-89.38805062603804,43.14087209087616],[-89.38804881687838,43.14090720470647],[-89.3880464288011,43.140942299461905],[-89.38804345934933,43.140977370641245],[-89.38803990975478,43.14101241194419],[-89.38803578124713,43.14104742067076],[-89.38803107382981,43.14108238872001],[-89.38564740709451,43.14106930785646],[-89.38438907377397,43.14106058152112],[-89.38296174756552,43.14104695909364],[-89.38050377453553,43.141044030179266],[-89.37803167009541,43.14103444811423],[-89.37683697194524,43.14102987129007],[-89.37649638977327,43.14100144689785],[-89.3757246821131,43.14099909671437],[-89.37530114586085,43.140996264281235],[-89.37490131438716,43.14099252018159],[-89.37456690330359,43.14098984962186],[-89.37427055367645,43.14098748115085],[-89.37396791089681,43.140985060658146],[-89.37367159819017,43.140982690653416],[-89.37337240932928,43.14098029615388],[-89.37306139620708,43.14097780579112],[-89.37278880073366,43.14097438966984],[-89.37250484322844,43.14097080055327],[-89.37237997910316,43.140971250355086],[-89.3723646009426,43.14139428758812],[-89.372341680455,43.142227611959434],[-89.37229814968659,43.14366439782465],[-89.37229738406852,43.143680825953716],[-89.37229587972423,43.14369722675817],[-89.37229364158463,43.143713582238234],[-89.3722906684346,43.143729874391546],[-89.37228696520343,43.14374608701856],[-89.37228253559353,43.143762201218884],[-89.37227738453508,43.14377819989283],[-89.37227151818752,43.1437940659413],[-89.3722649414809,43.14380978226457],[-89.37225766180389,43.14382533176404],[-89.37224968900357,43.14384069734214],[-89.37224102923936,43.14385586189972],[-89.37223169235686,43.14387081013928],[-89.3722216894318,43.14388552586393],[-89.37221103154039,43.14389999197658],[-89.37219972852776,43.14391419407985],[-89.37218779392796,43.14392811597784],[-89.37217524127443,43.1439417423748],[-89.37216208164078,43.14395505977387],[-89.37214833224816,43.14396805288095],[-89.37213400540008,43.14398070729968],[-89.37211911831561,43.14399301043609],[-89.37210368698682,43.14400494699542],[-89.37208772740209,43.14401650618337],[-89.37207125678057,43.14402767540603],[-89.37205429357142,43.144038441169805],[-89.37203685622228,43.14404879178143],[-89.37201896317949,43.14405871734776],[-89.37200063289004,43.14406820707556],[-89.37198188748941,43.1440772492732],[-89.37196274542255,43.14408583584772],[-89.37194322882425,43.14409395600747],[-89.3719233561395,43.14410160165964],[-89.37190315195934,43.14410876471395],[-89.37188263718735,43.14411543707867],[-89.37186183395552,43.144121611562575],[-89.3718407631659,43.14412728187412],[-89.37181945063817,43.1441324408237],[-89.37179791604376,43.144137083919446],[-89.37177618642956,43.144141206672735],[-89.37175428269758,43.144144802791885],[-89.37173222820559,43.144147869586966],[-89.37139024156164,43.14419288944998],[-89.37136551212453,43.14419614130654],[-89.37134090644565,43.144199863060265],[-89.3713164405057,43.14420405291808],[-89.37129213274586,43.14420870638784],[-89.37126799791774,43.14421382167607],[-89.37124405323343,43.14421939429],[-89.37122031467435,43.14422542153662],[-89.37119679699514,43.14423189802213],[-89.3711735186356,43.14423882105453],[-89.37115049312186,43.14424618433942],[-89.37112773766624,43.144253983384154],[-89.37110526702256,43.144262213694994],[-89.37108309594625,43.14427086897804],[-89.3710612391919,43.144279943839564],[-89.37103880409686,43.14428974571208],[-89.37101674598762,43.14429999689409],[-89.3709950820789,43.144310690192725],[-89.3709738295876,43.144321815714896],[-89.37095300326995,43.144333366266835],[-89.37093262034237,43.14434533285535],[-89.37091269556265,43.144357706486595],[-89.3708932449179,43.14437047816692],[-89.37087428193848,43.14438363710155],[-89.37085582138236,43.1443971742965],[-89.37083787678071,43.144411078056834],[-89.37082046289149,43.14442533938849],[-89.37080359324607,43.14443994659668],[-89.37078728014558,43.144454888885974],[-89.3707715346622,43.14447015546056],[-89.37075637032873,43.14448573282531],[-89.37074179944582,43.14450161108503],[-89.37072783062882,43.14451777764255],[-89.37071447618062,43.14453421990235],[-89.37070174471665,43.14455092526717],[-89.37068964853928,43.144567882041606],[-89.37067819503616,43.14458507582776],[-89.37066739282285,43.14460249402839],[-89.37065725051484,43.144620124046284],[-89.37054207884248,43.144797228054315],[-89.3705140522989,43.14483997332847],[-89.37049757310187,43.14486510632964],[-89.37068243218275,43.14492171262647],[-89.37086921284022,43.144971613915196],[-89.37105767196314,43.14501474524499],[-89.37124756425571,43.14505105047671],[-89.37143864255668,43.14508048235596],[-89.3716306581612,43.145103002574594],[-89.37182336114435,43.145118581820626],[-89.37201650068658,43.145127199816315],[-89.3739553973671,43.14513246319713],[-89.37407290660481,43.14513611380297],[-89.3741900047774,43.145146590722476],[-89.37430629566927,43.14516385850576],[-89.37442138579628,43.14518785872521],[-89.37453488573728,43.14521851017321],[-89.37464641145165,43.14525570913695],[-89.37475558557884,43.14529932974927],[-89.37486203871518,43.14534922441465],[-89.37496541066378,43.145405224308526],[-89.37506535165329,43.14546713994858],[-89.37516152352148,43.145534761835854],[-89.375225359498,43.145594434488885],[-89.37528455991057,43.14565870865611],[-89.37533879399986,43.14572722523057],[-89.37538775875399,43.145799601402565],[-89.37543118060142,43.14587543279833],[-89.37546881693946,43.14595429573942],[-89.37550045748968,43.1460357496098],[-89.37552592547281,43.14611933931763],[-89.3755450785964,43.14620459783788],[-89.37555780984981,43.14629104882171],[-89.37556404810209,43.14637820925784],[-89.37556375849945,43.14646559217121],[-89.3755568619998,43.14737237743348],[-89.375544052209,43.148339294252466]]]},"properties":{"NAME":"City of Madison","WardNumber":"37","AldDistrict":"18","SupDistrict":"18","AsmDistrict":"76","WardID":"0037"}},{"type":"Feature","geometry":{"type":"Polygon","coordinates":[[[-89.3495537234427,43.13619475543492],[-89.34974026766982,43.13620055229001],[-89.35042450804129,43.136221813080766],[-89.3553850117132,43.13637582289772],[-89.35550853278609,43.136379077618884],[-89.35558282438943,43.13638102725143],[-89.35648243306112,43.13640462715853],[-89.35763128006238,43.136434754144865],[-89.35870284126166,43.136462843883066],[-89.35895022950494,43.136469327326644],[-89.36010761570616,43.136499655617506],[-89.36033188256313,43.13650562578837],[-89.36093087719546,43.1365213159822],[-89.36269965593519,43.13656727481098],[-89.36258249928527,43.140170494107274],[-89.36273279566973,43.140174399432944],[-89.36302254785339,43.140181935664685],[-89.36315868510158,43.140189302068585],[-89.36316146783436,43.14011770840221],[-89.36317510312445,43.139816531205994],[-89.36317704891002,43.139500518952715],[-89.36318752878627,43.13931327913138],[-89.36319402707744,43.13913289955207],[-89.36319974463365,43.13903079606387],[-89.36321476753128,43.13850396553461],[-89.36326422824901,43.137222270519],[-89.36332276775865,43.13575650460274],[-89.36336971439916,43.13489438759751],[-89.36343653525934,43.13358255640985],[-89.36346284326258,43.1323935694937],[-89.36347207028503,43.131947619454614],[-89.36349242969207,43.13118722657746],[-89.3635021020468,43.13077768183908],[-89.36178091667718,43.130148097448156],[-89.36057726671582,43.12970779723953],[-89.35893704899476,43.12911372129833],[-89.3588636975639,43.12908675984759],[-89.35790900836359,43.12873583302406],[-89.3569946358427,43.12840287445104],[-89.35667320070075,43.12827725568339],[-89.35657974016542,43.12824139372858],[-89.35648604835883,43.12820585829859],[-89.35639212650783,43.1281706502937],[-89.35629797583918,43.128135770614016],[-89.35626298503784,43.128121544288774],[-89.35622833266878,43.12810687800173],[-89.35619403101477,43.12809177806112],[-89.35616008990432,43.12807624717299],[-89.35612651793427,43.128060290743356],[-89.35609332616025,43.128043913279356],[-89.35606052440775,43.12802712018744],[-89.35602812250342,43.12800991597423],[-89.35599612904488,43.127992305145455],[-89.35596455508652,43.127974293108416],[-89.35595427342504,43.12796821692712],[-89.35593340922405,43.12795588616902],[-89.35590270005399,43.127937089733216],[-89.35587243740268,43.12791790830753],[-89.3558426310955,43.127898347298526],[-89.35581227417877,43.12787773195239],[-89.35578242646615,43.12785672175221],[-89.3557530990107,43.127835323005385],[-89.355724299179,43.127813542017336],[-89.3556960367933,43.12779138689493],[-89.35566832167765,43.12776886394497],[-89.35564116119653,43.12774598127297],[-89.35561456640283,43.12772274518634],[-89.35558854343195,43.12769916378998],[-89.35556310210593,43.12767524519078],[-89.35553824979095,43.127650995694076],[-89.35551399630882,43.12762642340689],[-89.35549034656506,43.127601537333234],[-89.35546731038245,43.12757634468013],[-89.35544489389606,43.127550853552215],[-89.35542310446904,43.1275250729552],[-89.35540195069507,43.1274990100951],[-89.35538143748039,43.12747267307608],[-89.35536157218785,43.12744607090368],[-89.35534236095144,43.127419212582744],[-89.35532380990512,43.12739210711808],[-89.35530592518477,43.12736476171443],[-89.3552887116953,43.12733718537581],[-89.35527217679854,43.127309388007944],[-89.35525632539932,43.127281378614875],[-89.35524116117472,43.12725316529992],[-89.35522668902956,43.12722475706716],[-89.35521291509758,43.12719616292135],[-89.35519984305267,43.127167393665985],[-89.35518747780169,43.12713845650503],[-89.35517582178962,43.12710936224121],[-89.35516487992109,43.12708011987857],[-89.35515465587306,43.12705073752031],[-89.35514515208949,43.12702122686925],[-89.3551363722481,43.12699159512851],[-89.3551283187938,43.126961853100774],[-89.35512099417255,43.12693201068874],[-89.35511440083125,43.12690207689481],[-89.35510854121664,43.126872060721574],[-89.35510341654484,43.12684197297098],[-89.35509903049146,43.126811822646204],[-89.35506784439251,43.12494621120453],[-89.35504947120512,43.12455142976328],[-89.35503003064069,43.12396537484552],[-89.35502886544384,43.12391506426944],[-89.35502708215026,43.12386476413135],[-89.35502468075866,43.12381447713165],[-89.3550216612646,43.1237642086707],[-89.3550180248944,43.12371396234966],[-89.35501377164672,43.12366374086872],[-89.35500890274493,43.12361355052919],[-89.35500341695875,43.12356339403057],[-89.35499322790818,43.12341500292781],[-89.35498368527622,43.12326658789683],[-89.3549747902831,43.123118152538815],[-89.35496654169631,43.12296969595319],[-89.35495894073607,43.12282122174115],[-89.35495867298923,43.12281549157984],[-89.35490723506979,43.12291640790235],[-89.35473975346021,43.12324187455688],[-89.35187765294765,43.128803219074264],[-89.35184560688785,43.128865483186445],[-89.35181773603863,43.12891963370879],[-89.35102821404222,43.13046201530651],[-89.35100054321572,43.130519414176234],[-89.35097303696575,43.13057685544545],[-89.35094569406378,43.13063433911346],[-89.35091851574128,43.13069186338098],[-89.35089150076753,43.13074943004757],[-89.35086465160293,43.13080703731467],[-89.35083796578901,43.130864686080955],[-89.35081144455619,43.130922375447184],[-89.35078508790482,43.13098010541352],[-89.35075889706425,43.13103787598081],[-89.35073287080701,43.13109568624835],[-89.35070700913461,43.13115353531608],[-89.35068131327425,43.131211424985125],[-89.35065578199954,43.131269353454655],[-89.35063041653983,43.13132732072545],[-89.35060521566659,43.13138532679696],[-89.35058018060919,43.13144337167],[-89.35055531259803,43.1315014544454],[-89.35053060917569,43.13155957512167],[-89.35001598743418,43.13294988703983],[-89.35000369226958,43.13298370479078],[-89.34999157771078,43.13301755775769],[-89.34997964252914,43.13305144593985],[-89.34996788795696,43.13308536663778],[-89.34995631399353,43.13311932075172],[-89.34994491941022,43.13315330828088],[-89.34993370666724,43.13318732742668],[-89.34992267453602,43.133221378188445],[-89.34991182301674,43.13325546056614],[-89.34990115333989,43.13328957366056],[-89.34989066427765,43.13332371657088],[-89.34988035705938,43.13335788929797],[-89.34987023168641,43.13339209094164],[-89.34986028815904,43.13342632150208],[-89.34985052647865,43.133460580079216],[-89.34984094664652,43.133494865772974],[-89.34983154989091,43.13352917948425],[-89.34982233498631,43.13356351851211],[-89.34981330193094,43.133597884656695],[-89.34980445195613,43.13363227611872],[-89.34979578506325,43.13366669199807],[-89.34978730125259,43.13370113229481],[-89.3497790005245,43.13373559700898],[-89.34977088288139,43.13377008434043],[-89.34976294832241,43.13380459518931],[-89.34975519807809,43.13383912865628],[-89.34974763092168,43.13387368294054],[-89.34974024685141,43.13390825984219],[-89.34973304709986,43.13394285666181],[-89.34972603166618,43.133977474299556],[-89.34971919932379,43.13401211095444],[-89.34971255130203,43.134046766627286],[-89.3497060876002,43.134081442218246],[-89.34969980945067,43.13411613502787],[-89.34969371439473,43.13415084595463],[-89.34968780366388,43.13418557319926],[-89.34968207848632,43.13422031766262],[-89.34967653640537,43.13425507844305],[-89.34967118110951,43.13428985464286],[-89.34966600891299,43.13432464535963],[-89.34966102227422,43.13435945059497],[-89.34965622119341,43.13439427034884],[-89.34965160444413,43.13442910282037],[-89.34964717325452,43.13446394891042],[-89.34964292762714,43.13449880681885],[-89.34963886633314,43.13453367654487],[-89.34963499060197,43.1345685580893],[-89.349631300436,43.13460344965193],[-89.34962779583451,43.13463835213292],[-89.34962447679881,43.13467326463217],[-89.34962134333146,43.13470818534957],[-89.34961839543163,43.134743115185145],[-89.34961563310073,43.134778053238826],[-89.34961305633911,43.13481299951069],[-89.34961066514911,43.13484795220052],[-89.34960846076014,43.1348829113091],[-89.34960644071552,43.13491787593477],[-89.34960460747254,43.134952846979296],[-89.34960295980466,43.13498782264159],[-89.34960149771219,43.13502280292177],[-89.34960022242548,43.13505778692043],[-89.3495537234427,43.13619475543492]]]},"properties":{"NAME":"City of Madison","WardNumber":"33","AldDistrict":"18","SupDistrict":"18","AsmDistrict":"76","WardID":"0033"}},{"type":"Feature","geometry":{"type":"Polygon","coordinates":[[[-89.36315868510158,43.140189302068585],[-89.36315666610147,43.140241248924525],[-89.36313251047144,43.140851707474596],[-89.36325944103685,43.140854662159775],[-89.36354219909617,43.140858226771215],[-89.3638332476482,43.140861893920125],[-89.36410827702632,43.14086535868601],[-89.36421008067545,43.140866643402035],[-89.36439182059661,43.140868930599964],[-89.36466791691853,43.14087240896248],[-89.36495225948713,43.14087598889172],[-89.36507345879993,43.14087751565739],[-89.36523024872889,43.140879489347476],[-89.36551869664623,43.140883122118254],[-89.36562550659315,43.14088446565995],[-89.36579405930993,43.14088658480258],[-89.3658450631862,43.14088722827332],[-89.366073195424,43.14089009727929],[-89.36635525935282,43.140893645607186],[-89.36637681579501,43.140893918942716],[-89.36663999543589,43.140897229640494],[-89.36692208647204,43.14090077568598],[-89.3670191851382,43.140901996228926],[-89.36719298018274,43.140904179745654],[-89.3672989199786,43.14090551230847],[-89.36738544323684,43.14090660235841],[-89.36764091266444,43.14090981255694],[-89.36789924721796,43.14091305774782],[-89.36811661985334,43.140915788870046],[-89.36823357882967,43.14091725808507],[-89.36856585661374,43.14092143038222],[-89.3686036498701,43.140921906221315],[-89.36885353426149,43.140925044495454],[-89.36933984046878,43.140931148479126],[-89.36956779833515,43.140932762019254],[-89.36978805319637,43.140935791925436],[-89.3700766291822,43.14093976161521],[-89.37010713983605,43.140940183238506],[-89.37035113536966,43.140943537890294],[-89.37060065217736,43.14094696651748],[-89.37082791217495,43.14094981666216],[-89.37106550057382,43.14095279698078],[-89.3713109898479,43.14095587302711],[-89.37155341492269,43.14095891208892],[-89.37179822207726,43.14096197958888],[-89.37204033623004,43.14096501388314],[-89.37228569408484,43.140968085983324],[-89.37237997910316,43.140971250355086],[-89.37250484322844,43.14097080055327],[-89.37278880073366,43.14097438966984],[-89.37306139620708,43.14097780579112],[-89.37337240932928,43.14098029615388],[-89.37367159819017,43.140982690653416],[-89.37396791089681,43.140985060658146],[-89.37427055367645,43.14098748115085],[-89.37456690330359,43.14098984962186],[-89.37490131438716,43.14099252018159],[-89.37530114586085,43.140996264281235],[-89.3757246821131,43.14099909671437],[-89.37649638977327,43.14100144689785],[-89.37683697194524,43.14102987129007],[-89.37677882668798,43.140927613144854],[-89.37678891663434,43.14062353830601],[-89.37680001974944,43.14028890663775],[-89.37680366286926,43.1401791914065],[-89.37683616425407,43.139199703711675],[-89.37687557453222,43.138012046163674],[-89.37693494673445,43.136222631386204],[-89.37693354926856,43.136134302966745],[-89.37692838116995,43.13613257814679],[-89.37680016918192,43.13608976579669],[-89.37374362416669,43.13506843295201],[-89.37363578124081,43.13503222964681],[-89.37352821039859,43.13499559431097],[-89.3734209153289,43.13495852694682],[-89.37331389971831,43.13492103025698],[-89.37320716602595,43.134883105143324],[-89.37310071671155,43.13484475160775],[-89.37299455669148,43.13480597145329],[-89.37288868842393,43.13476676648202],[-89.37278311559693,43.13472713759638],[-89.37267783944107,43.13468708479777],[-89.37257286610082,43.13464661078987],[-89.37246819680614,43.13460571647414],[-89.37236383401576,43.13456440275262],[-89.37225978264662,43.13452267052832],[-89.37091034515105,43.13400232631024],[-89.37040781385855,43.13379845502419],[-89.36911804962655,43.13327519487867],[-89.36742709240298,43.13251900179187],[-89.36561746669331,43.1317201029249],[-89.36421767057023,43.13108102863342],[-89.36414769050077,43.13104874823349],[-89.36407734756264,43.13101689425064],[-89.36400664666917,43.130985468486934],[-89.36393559027381,43.130954474543294],[-89.36386418574756,43.13092391422305],[-89.36379243800432,43.13089378842812],[-89.36372034949754,43.130864100759545],[-89.36364792759899,43.13083485212053],[-89.36357517722074,43.13080604521317],[-89.3635021020468,43.13077768183908],[-89.36349242969207,43.13118722657746],[-89.36347207028503,43.131947619454614],[-89.36346284326258,43.1323935694937],[-89.36343653525934,43.13358255640985],[-89.36336971439916,43.13489438759751],[-89.36332276775865,43.13575650460274],[-89.36326422824901,43.137222270519],[-89.36321476753128,43.13850396553461],[-89.36319974463365,43.13903079606387],[-89.36319402707744,43.13913289955207],[-89.36318752878627,43.13931327913138],[-89.36317704891002,43.139500518952715],[-89.36317510312445,43.139816531205994],[-89.36316146783436,43.14011770840221],[-89.36315868510158,43.140189302068585]]]},"properties":{"NAME":"City of Madison","WardNumber":"36","AldDistrict":"18","SupDistrict":"18","AsmDistrict":"76","WardID":"0036"}},{"type":"Feature","geometry":{"type":"Polygon","coordinates":[[[-89.37683697194524,43.14102987129007],[-89.37803167009541,43.14103444811423],[-89.38050377453553,43.141044030179266],[-89.38296174756552,43.14104695909364],[-89.38438907377397,43.14106058152112],[-89.38564740709451,43.14106930785646],[-89.38803107382981,43.14108238872001],[-89.38803578124713,43.14104742067076],[-89.38803990975478,43.14101241194419],[-89.38804345934933,43.140977370641245],[-89.3880464288011,43.140942299461905],[-89.38804881687838,43.14090720470647],[-89.38805062603804,43.14087209087616],[-89.38805185259005,43.14083696427054],[-89.38805249899124,43.14080182939087],[-89.38805806941222,43.14064937624779],[-89.38807344644827,43.14025918572939],[-89.3880886211455,43.13990762975412],[-89.39005017549201,43.14060054690669],[-89.39010292776895,43.140618928074936],[-89.3901553725505,43.14063777448015],[-89.39020750246367,43.14065708432043],[-89.39025930890722,43.14067685399345],[-89.39031078573782,43.1406970807976],[-89.39036192558277,43.140717762031066],[-89.3904127198403,43.14073889499166],[-89.39046316113864,43.14076047517723],[-89.39051324210472,43.1407825007861],[-89.39056295659535,43.14080496821665],[-89.39061229600857,43.1408278747667],[-89.39066125420163,43.14085121593457],[-89.39070982257259,43.140874989018116],[-89.39075799620771,43.140899189516],[-89.39080576527536,43.14092381562587],[-89.39085312486169,43.14094886284635],[-89.39090006759422,43.14097432757562],[-89.39094658732996,43.14100020531207],[-89.39099267546615,43.14102649425367],[-89.39103832586072,43.141053188098596],[-89.3910835335983,43.141080285045824],[-89.39112828884873,43.141107779692724],[-89.39117258792628,43.14113566933851],[-89.39121642345891,43.14116394858118],[-89.391259789303,43.14119261381916],[-89.391302678086,43.14122166055062],[-89.39134508366415,43.141251085174034],[-89.39138700112318,43.14128088318814],[-89.39142842309006,43.14131105099111],[-89.39146934465138,43.14134158228156],[-89.39151554725662,43.14137835260609],[-89.39156122489457,43.14141547290677],[-89.391606370191,43.14145294138209],[-89.39165097946096,43.14149075263112],[-89.39169504778977,43.14152890215271],[-89.39173857026235,43.141567386345834],[-89.39178154196402,43.141606200709305],[-89.39182395797954,43.141645341642125],[-89.3922171535593,43.142011530427425],[-89.39241408104284,43.141934184777504],[-89.39242811311273,43.14192668256573],[-89.3924425432265,43.141919595397816],[-89.39245734802427,43.141912935868724],[-89.39247250291815,43.14190671387307],[-89.392487984549,43.141900940205566],[-89.3925037695592,43.14189562296101],[-89.39251983090344,43.141890770233],[-89.39253614399445,43.14188639101603],[-89.3925526830167,43.14188249250395],[-89.39256942092685,43.141879079190225],[-89.39258633068026,43.14187615826842],[-89.39260338646358,43.141873732432074],[-89.39262056123265,43.14187180797483],[-89.39308674139431,43.14182027662471],[-89.39088799258603,43.139795560733944],[-89.39087867531943,43.139786979411525],[-89.38963677961519,43.13864330303872],[-89.38697962257224,43.136185228997114],[-89.38441585021779,43.133834143066444],[-89.3843499294056,43.133773802476114],[-89.38428052648021,43.13371027616567],[-89.38098686666225,43.13067228427816],[-89.38074499033604,43.13044916822512],[-89.38069791471173,43.130405699162786],[-89.38043738006779,43.13053919538747],[-89.38041572491164,43.13054837203937],[-89.38039374437045,43.13055712372424],[-89.38037145442385,43.13056544594738],[-89.38034887228146,43.13057333241417],[-89.3803260114663,43.13058077682873],[-89.38030288918634,43.13058777559684],[-89.38027952142296,43.13059432152344],[-89.38025592538428,43.13060041101428],[-89.38023211582036,43.13060604047432],[-89.3802081123978,43.13061120541011],[-89.38018392986673,43.13061590222662],[-89.38015958543461,43.13062012822976],[-89.38013509631014,43.130623878925235],[-89.38011048092922,43.13062715251963],[-89.38008575404078,43.13062994721804],[-89.38006093653921,43.13063226032779],[-89.38003604317355,43.13063409005411],[-89.38001667532656,43.13063380839169],[-89.37999733486829,43.13063301458299],[-89.37997804637845,43.13063170773697],[-89.3799588344339,43.13062989146314],[-89.3799397248415,43.13062756757116],[-89.37992074217854,43.130624738770514],[-89.37990191225066,43.13062140867113],[-89.37988325963389,43.13061758178267],[-89.37877498356528,43.13038358088196],[-89.37858059293761,43.13034474986959],[-89.37855392400955,43.13033942195474],[-89.37852707653539,43.13033459441756],[-89.3785000701742,43.130330271765864],[-89.37847292212969,43.13032645490616],[-89.37844564960375,43.130323147445296],[-89.3784182710283,43.13032035119046],[-89.37839080360584,43.13031806884844],[-89.3783632657696,43.13031630042619],[-89.37833567472265,43.130315047730505],[-89.37830804889752,43.130314311668414],[-89.3782804067276,43.130314092247055],[-89.37825276664539,43.13031439037348],[-89.37822514462634,43.130315206053965],[-89.37819756156283,43.130316537496256],[-89.37817003342958,43.13031838560664],[-89.37814257743358,43.13032074679143],[-89.37811521446521,43.13032362195878],[-89.37808795927364,43.13032700751408],[-89.37806083152235,43.130330901664806],[-89.37803384964654,43.13033530171789],[-89.37800702839411,43.13034020587891],[-89.37798038742989,43.13034561055524],[-89.37795394396154,43.130351511253174],[-89.3779277151961,43.13035790437902],[-89.37790171711107,43.130364787239],[-89.3778759681444,43.130372153539625],[-89.3778504842749,43.130379998786864],[-89.37782528148149,43.13038831848659],[-89.3778003782016,43.13039710724553],[-89.37777578918642,43.13040635876902],[-89.37706373753376,43.13069209396302],[-89.37575531319602,43.13119606941584],[-89.37454368635679,43.13167255526192],[-89.3736945431136,43.13198542393386],[-89.37367779439198,43.13199215943561],[-89.3736614041627,43.13199935233422],[-89.37364539455538,43.13200699183807],[-89.37362979015765,43.13201506715662],[-89.37361461064205,43.132023566597205],[-89.37359987813902,43.13203247846817],[-89.37358561477977,43.13204179017772],[-89.37357184023772,43.13205148913312],[-89.37355857295931,43.13206156004083],[-89.37354583384702,43.13207199030854],[-89.37353363889034,43.1320827637416],[-89.3735220065351,43.13209386594642],[-89.3735109527709,43.13210528072846],[-89.37350049235829,43.13211699189238],[-89.37349064251592,43.13212898324397],[-89.37348141554712,43.13214123768694],[-89.37347282498443,43.13215373812534],[-89.37346488190312,43.13216646656225],[-89.37345759983707,43.13217940410152],[-89.37345098740306,43.13219253364521],[-89.37344505321914,43.13220583629514],[-89.37343980836148,43.132219293154215],[-89.37343525776205,43.132232884422564],[-89.37343140880944,43.132246592101524],[-89.37342826766464,43.132260396391715],[-89.37342583803141,43.132274276592725],[-89.3734241223825,43.1322882147037],[-89.3734231256507,43.13230219002469],[-89.3733931972897,43.13370250682079],[-89.37133199824339,43.13367702821593],[-89.37131731426119,43.133676931682885],[-89.37130264214237,43.13367735000632],[-89.37128801261302,43.133678281399824],[-89.37127346254337,43.13367972497956],[-89.37125902266102,43.13368167715899],[-89.371244726153,43.1336841325523],[-89.3712306074354,43.13368708577432],[-89.3712166972373,43.13369053143823],[-89.37120302752058,43.13369445965729],[-89.37118963147384,43.13369886324571],[-89.37117653737354,43.1337037305149],[-89.37116377718239,43.133709050678156],[-89.37115137794699,43.13371481294644],[-89.37113937040496,43.13372100203207],[-89.37112778037559,43.133727605345356],[-89.37111663490944,43.133734607596956],[-89.37110595982963,43.13374199169667],[-89.37109577972966,43.133749741454],[-89.37108611797467,43.13375783977773],[-89.37107699547411,43.13376626687525],[-89.37106843436584,43.13377500385462],[-89.37106045310148,43.13378403092224],[-89.37105307136237,43.133793327384765],[-89.37098072765369,43.13389780392983],[-89.3700584320951,43.13352388785658],[-89.36995480696888,43.13348198720572],[-89.36985154002264,43.13343961497576],[-89.36974863494277,43.133396773869634],[-89.36964609418726,43.13335346568961],[-89.3695439239027,43.133309690439546],[-89.36944212777443,43.13326545172233],[-89.36921256160902,43.13316665053457],[-89.36911804962655,43.13327519487867],[-89.37040781385855,43.13379845502419],[-89.37091034515105,43.13400232631024],[-89.37225978264662,43.13452267052832],[-89.37236383401576,43.13456440275262],[-89.37246819680614,43.13460571647414],[-89.37257286610082,43.13464661078987],[-89.37267783944107,43.13468708479777],[-89.37278311559693,43.13472713759638],[-89.37288868842393,43.13476676648202],[-89.37299455669148,43.13480597145329],[-89.37310071671155,43.13484475160775],[-89.37320716602595,43.134883105143324],[-89.37331389971831,43.13492103025698],[-89.3734209153289,43.13495852694682],[-89.37352821039859,43.13499559431097],[-89.37363578124081,43.13503222964681],[-89.37374362416669,43.13506843295201],[-89.37680016918192,43.13608976579669],[-89.37692838116995,43.13613257814679],[-89.37693354926856,43.136134302966745],[-89.37693494673445,43.136222631386204],[-89.37687557453222,43.138012046163674],[-89.37683616425407,43.139199703711675],[-89.37680366286926,43.1401791914065],[-89.37680001974944,43.14028890663775],[-89.37678891663434,43.14062353830601],[-89.37677882668798,43.140927613144854],[-89.37683697194524,43.14102987129007]]]},"properties":{"NAME":"City of Madison","WardNumber":"38","AldDistrict":"18","SupDistrict":"18","AsmDistrict":"76","WardID":"0038"}},{"type":"Feature","geometry":{"type":"Polygon","coordinates":[[[-89.37029565854759,43.12068487086283],[-89.3702413708927,43.120624789190316],[-89.37007840145334,43.12039989564415],[-89.36993360964455,43.12018815154606],[-89.36977736474851,43.119956157969746],[-89.36962188685739,43.119706545156205],[-89.36946637335608,43.119456945604135],[-89.369352226216,43.11927374156511],[-89.36921672737034,43.11905626809454],[-89.36921124878543,43.11904747522708],[-89.36908864372792,43.118845596315346],[-89.36901492109482,43.118724195018245],[-89.3689406650319,43.11860191492938],[-89.36886585591147,43.11847872723552],[-89.36879258444476,43.1183580658751],[-89.3687200665953,43.11823865144935],[-89.36864561294088,43.11811604703062],[-89.36860905796503,43.118055851333956],[-89.36849887203284,43.11787439983352],[-89.36842383647996,43.11775083368661],[-89.36834894968405,43.11762751238353],[-89.36827440058558,43.11750474744662],[-89.36820183076955,43.11738523993803],[-89.36812586519807,43.11726014298249],[-89.36804994778794,43.11713512070413],[-89.36797259891107,43.11700774664417],[-89.36789734464051,43.1168838118882],[-89.3678214441063,43.11675881916021],[-89.36774283250672,43.116629361513894],[-89.36766710804355,43.11650465589161],[-89.36758996932329,43.11637762009338],[-89.36751360138122,43.11625185644369],[-89.36743731840787,43.11612622779497],[-89.36736179148217,43.116001841586865],[-89.36728314501424,43.115872322382344],[-89.36730307765005,43.11586501686216],[-89.36725675858108,43.11579002654715],[-89.36722899222805,43.11574506602428],[-89.36714935924164,43.11561614031095],[-89.36707073647902,43.11548726723096],[-89.36699211404608,43.11535839409389],[-89.36659022440695,43.11469801957581],[-89.3665705421176,43.11466390356862],[-89.36623362877671,43.11410888493183],[-89.36574067916854,43.11329681897146],[-89.3649499070473,43.111993951440866],[-89.36464800978719,43.11149655424376],[-89.36459142644235,43.111403330665624],[-89.36451447102257,43.11127653308529],[-89.36440071161977,43.11108910615467],[-89.36432513081675,43.1109645791775],[-89.36396029116293,43.11036346966205],[-89.36395897278629,43.11036234477022],[-89.36385036442822,43.11018772015862],[-89.3637815726176,43.11541923060245],[-89.3637781821281,43.115625417478086],[-89.36376517693672,43.11641613975767],[-89.36374917833172,43.11773515177654],[-89.36373307048632,43.11892161984841],[-89.36371857046764,43.1196433242532],[-89.36370097472503,43.120424610579384],[-89.3636923697362,43.12085962398702],[-89.36368520101385,43.12125982511466],[-89.36366511711084,43.12218840235813],[-89.36335022704804,43.12218057123406],[-89.36164130744585,43.122138052539405],[-89.35954865348758,43.122114038096896],[-89.35636239782295,43.12206629779506],[-89.35551427325197,43.12205829389735],[-89.35533586092949,43.1220565057739],[-89.35532655727272,43.12207744645159],[-89.35531867517038,43.12209511251306],[-89.35530420972398,43.12212709073892],[-89.3552895673672,43.122159025654874],[-89.35527474810075,43.12219091636067],[-89.35525975192436,43.122222762856296],[-89.35524457883892,43.12225456424158],[-89.3551693941737,43.12240207192045],[-89.35514574865817,43.12244846427116],[-89.35505386551225,43.12262873184468],[-89.35497038013871,43.122792522632125],[-89.35495867298923,43.12281549157984],[-89.35495894073607,43.12282122174115],[-89.35496654169631,43.12296969595319],[-89.3549747902831,43.123118152538815],[-89.35498368527622,43.12326658789683],[-89.35499322790818,43.12341500292781],[-89.35500341695875,43.12356339403057],[-89.35500890274493,43.12361355052919],[-89.35501377164672,43.12366374086872],[-89.3550180248944,43.12371396234966],[-89.3550216612646,43.1237642086707],[-89.35502468075866,43.12381447713165],[-89.35502708215026,43.12386476413135],[-89.35502886544384,43.12391506426944],[-89.35503003064069,43.12396537484552],[-89.35504947120512,43.12455142976328],[-89.35506784439251,43.12494621120453],[-89.35509903049146,43.126811822646204],[-89.35510341654484,43.12684197297098],[-89.35510854121664,43.126872060721574],[-89.35511440083125,43.12690207689481],[-89.35512099417255,43.12693201068874],[-89.3551283187938,43.126961853100774],[-89.3551363722481,43.12699159512851],[-89.35514515208949,43.12702122686925],[-89.35515465587306,43.12705073752031],[-89.35516487992109,43.12708011987857],[-89.35517582178962,43.12710936224121],[-89.35518747780169,43.12713845650503],[-89.35519984305267,43.127167393665985],[-89.35521291509758,43.12719616292135],[-89.35522668902956,43.12722475706716],[-89.35524116117472,43.12725316529992],[-89.35525632539932,43.127281378614875],[-89.35527217679854,43.127309388007944],[-89.3552887116953,43.12733718537581],[-89.35530592518477,43.12736476171443],[-89.35532380990512,43.12739210711808],[-89.35534236095144,43.127419212582744],[-89.35536157218785,43.12744607090368],[-89.35538143748039,43.12747267307608],[-89.35540195069507,43.1274990100951],[-89.35542310446904,43.1275250729552],[-89.35544489389606,43.127550853552215],[-89.35546731038245,43.12757634468013],[-89.35549034656506,43.127601537333234],[-89.35551399630882,43.12762642340689],[-89.35553824979095,43.127650995694076],[-89.35556310210593,43.12767524519078],[-89.35558854343195,43.12769916378998],[-89.35561456640283,43.12772274518634],[-89.35564116119653,43.12774598127297],[-89.35566832167765,43.12776886394497],[-89.3556960367933,43.12779138689493],[-89.355724299179,43.127813542017336],[-89.3557530990107,43.127835323005385],[-89.35578242646615,43.12785672175221],[-89.35581227417877,43.12787773195239],[-89.3558426310955,43.127898347298526],[-89.35587243740268,43.12791790830753],[-89.35590270005399,43.127937089733216],[-89.35593340922405,43.12795588616902],[-89.35595427342504,43.12796821692712],[-89.35596455508652,43.127974293108416],[-89.35599612904488,43.127992305145455],[-89.35602812250342,43.12800991597423],[-89.35606052440775,43.12802712018744],[-89.35609332616025,43.128043913279356],[-89.35612651793427,43.128060290743356],[-89.35616008990432,43.12807624717299],[-89.35619403101477,43.12809177806112],[-89.35622833266878,43.12810687800173],[-89.35626298503784,43.128121544288774],[-89.35629797583918,43.128135770614016],[-89.35639212650783,43.1281706502937],[-89.35648604835883,43.12820585829859],[-89.35657974016542,43.12824139372858],[-89.35667320070075,43.12827725568339],[-89.3569946358427,43.12840287445104],[-89.35790900836359,43.12873583302406],[-89.3588636975639,43.12908675984759],[-89.35893704899476,43.12911372129833],[-89.36057726671582,43.12970779723953],[-89.36178091667718,43.130148097448156],[-89.3635021020468,43.13077768183908],[-89.36357517722074,43.13080604521317],[-89.36364792759899,43.13083485212053],[-89.36372034949754,43.130864100759545],[-89.36379243800432,43.13089378842812],[-89.36386418574756,43.13092391422305],[-89.36393559027381,43.130954474543294],[-89.36400664666917,43.130985468486934],[-89.36407734756264,43.13101689425064],[-89.36414769050077,43.13104874823349],[-89.36421767057023,43.13108102863342],[-89.36561746669331,43.1317201029249],[-89.36742709240298,43.13251900179187],[-89.36911804962655,43.13327519487867],[-89.36921256160902,43.13316665053457],[-89.36944212777443,43.13326545172233],[-89.3695439239027,43.133309690439546],[-89.36964609418726,43.13335346568961],[-89.36974863494277,43.133396773869634],[-89.36985154002264,43.13343961497576],[-89.36995480696888,43.13348198720572],[-89.3700584320951,43.13352388785658],[-89.37098072765369,43.13389780392983],[-89.37105307136237,43.133793327384765],[-89.37106045310148,43.13378403092224],[-89.37106843436584,43.13377500385462],[-89.37107699547411,43.13376626687525],[-89.37108611797467,43.13375783977773],[-89.37109577972966,43.133749741454],[-89.37110595982963,43.13374199169667],[-89.37111663490944,43.133734607596956],[-89.37112778037559,43.133727605345356],[-89.37113937040496,43.13372100203207],[-89.37115137794699,43.13371481294644],[-89.37116377718239,43.133709050678156],[-89.37117653737354,43.1337037305149],[-89.37118963147384,43.13369886324571],[-89.37120302752058,43.13369445965729],[-89.3712166972373,43.13369053143823],[-89.3712306074354,43.13368708577432],[-89.371244726153,43.1336841325523],[-89.37125902266102,43.13368167715899],[-89.37127346254337,43.13367972497956],[-89.37128801261302,43.133678281399824],[-89.37130264214237,43.13367735000632],[-89.37131731426119,43.133676931682885],[-89.37133199824339,43.13367702821593],[-89.3733931972897,43.13370250682079],[-89.3734231256507,43.13230219002469],[-89.3734241223825,43.1322882147037],[-89.37342583803141,43.132274276592725],[-89.37342826766464,43.132260396391715],[-89.37343140880944,43.132246592101524],[-89.37343525776205,43.132232884422564],[-89.37343980836148,43.132219293154215],[-89.37344505321914,43.13220583629514],[-89.37345098740306,43.13219253364521],[-89.37345759983707,43.13217940410152],[-89.37346488190312,43.13216646656225],[-89.37347282498443,43.13215373812534],[-89.37348141554712,43.13214123768694],[-89.37349064251592,43.13212898324397],[-89.37350049235829,43.13211699189238],[-89.3735109527709,43.13210528072846],[-89.3735220065351,43.13209386594642],[-89.37353363889034,43.1320827637416],[-89.37354583384702,43.13207199030854],[-89.37355857295931,43.13206156004083],[-89.37357184023772,43.13205148913312],[-89.37358561477977,43.13204179017772],[-89.37359987813902,43.13203247846817],[-89.37361461064205,43.132023566597205],[-89.37362979015765,43.13201506715662],[-89.37364539455538,43.13200699183807],[-89.3736614041627,43.13199935233422],[-89.37367779439198,43.13199215943561],[-89.3736945431136,43.13198542393386],[-89.37454368635679,43.13167255526192],[-89.37575531319602,43.13119606941584],[-89.37706373753376,43.13069209396302],[-89.37777578918642,43.13040635876902],[-89.3778003782016,43.13039710724553],[-89.37782528148149,43.13038831848659],[-89.3778504842749,43.130379998786864],[-89.3778759681444,43.130372153539625],[-89.37790171711107,43.130364787239],[-89.3779277151961,43.13035790437902],[-89.37795394396154,43.130351511253174],[-89.37798038742989,43.13034561055524],[-89.37800702839411,43.13034020587891],[-89.37803384964654,43.13033530171789],[-89.37806083152235,43.130330901664806],[-89.37808795927364,43.13032700751408],[-89.37811521446521,43.13032362195878],[-89.37814257743358,43.13032074679143],[-89.37817003342958,43.13031838560664],[-89.37819756156283,43.130316537496256],[-89.37822514462634,43.130315206053965],[-89.37825276664539,43.13031439037348],[-89.3782804067276,43.130314092247055],[-89.37830804889752,43.130314311668414],[-89.37833567472265,43.130315047730505],[-89.3783632657696,43.13031630042619],[-89.37839080360584,43.13031806884844],[-89.3784182710283,43.13032035119046],[-89.37844564960375,43.130323147445296],[-89.37847292212969,43.13032645490616],[-89.3785000701742,43.130330271765864],[-89.37852707653539,43.13033459441756],[-89.37855392400955,43.13033942195474],[-89.37858059293761,43.13034474986959],[-89.37877498356528,43.13038358088196],[-89.37988325963389,43.13061758178267],[-89.37990191225066,43.13062140867113],[-89.37992074217854,43.130624738770514],[-89.3799397248415,43.13062756757116],[-89.3799588344339,43.13062989146314],[-89.37997804637845,43.13063170773697],[-89.37999733486829,43.13063301458299],[-89.38001667532656,43.13063380839169],[-89.38003604317355,43.13063409005411],[-89.38006093653921,43.13063226032779],[-89.38008575404078,43.13062994721804],[-89.38011048092922,43.13062715251963],[-89.38013509631014,43.130623878925235],[-89.38015958543461,43.13062012822976],[-89.38018392986673,43.13061590222662],[-89.3802081123978,43.13061120541011],[-89.38023211582036,43.13060604047432],[-89.38025592538428,43.13060041101428],[-89.38027952142296,43.13059432152344],[-89.38030288918634,43.13058777559684],[-89.3803260114663,43.13058077682873],[-89.38034887228146,43.13057333241417],[-89.38037145442385,43.13056544594738],[-89.38039374437045,43.13055712372424],[-89.38041572491164,43.13054837203937],[-89.38043738006779,43.13053919538747],[-89.38069791471173,43.130405699162786],[-89.3806480266573,43.1303596349909],[-89.37766702468637,43.12761345374164],[-89.3775251414354,43.12748289115244],[-89.37476651708006,43.12494112448127],[-89.37455506189863,43.1247454227683],[-89.37414789874347,43.12437018685417],[-89.37386624236815,43.1243770971351],[-89.37352736819051,43.12405595017247],[-89.37329487673469,43.123835606964285],[-89.37306428522439,43.12361706427879],[-89.37283370026849,43.123398522022114],[-89.37259394124062,43.123171288503066],[-89.37239912045032,43.122986650308114],[-89.37220434384302,43.12280200549336],[-89.37215739888697,43.12275754190506],[-89.37213141438104,43.12273282204314],[-89.37210840621397,43.12271084966663],[-89.37208976301442,43.122692989028664],[-89.37206236802275,43.12266664566253],[-89.37203313880553,43.12263841218707],[-89.37201071542464,43.12261666237012],[-89.37199294424919,43.12259936915806],[-89.37196687691643,43.122573919244836],[-89.37194263541825,43.12255015060403],[-89.37191401205354,43.122521970469],[-89.37188333966299,43.122491627398446],[-89.37185143474872,43.122459900331734],[-89.37182066568222,43.122429148558446],[-89.37180149049894,43.12240990509281],[-89.3717803141369,43.12238858152351],[-89.37175414949813,43.122362135112965],[-89.3717333268958,43.12234100521103],[-89.37170666400951,43.12231383759375],[-89.37168556533756,43.12229225661366],[-89.37165851470617,43.12226447674929],[-89.37163423886477,43.12223943259213],[-89.37161980207158,43.1222244945415],[-89.3716021793886,43.122206209428434],[-89.37157945070804,43.12218253948789],[-89.37155526728391,43.12215725862944],[-89.37153242952876,43.1221332861992],[-89.37150477807037,43.12210413788751],[-89.37148408039141,43.1220822267121],[-89.37145811848102,43.12205462640039],[-89.37143235066583,43.12202711437804],[-89.37140753933627,43.1220005028689],[-89.37138332354276,43.121974418174126],[-89.37135934480173,43.12194847759457],[-89.37133370760942,43.12192062087103],[-89.37130691532347,43.12189137838205],[-89.37128386995109,43.121866106971645],[-89.37126361510572,43.12184380891146],[-89.37124017954598,43.121817907252],[-89.37122061725826,43.121796205355075],[-89.37119558476866,43.12176831646562],[-89.37116685605892,43.1217361540724],[-89.37114182630157,43.121707993343364],[-89.37111938446273,43.12168262945829],[-89.37110583789506,43.12166727139398],[-89.37109104290545,43.12165045011642],[-89.37107184705107,43.1216285584369],[-89.37105085655013,43.121604527326674],[-89.3710285464981,43.12157888175239],[-89.37100531464874,43.12155206113756],[-89.37098451963936,43.121527949093654],[-89.37095997698215,43.12149937449788],[-89.3709426672098,43.12147913351427],[-89.3709201772454,43.12145274075883],[-89.37090159589421,43.121430843924585],[-89.37088154525698,43.12140713093703],[-89.37086295916498,43.12138505857564],[-89.37084098763495,43.12135886585769],[-89.3708180734801,43.121331433281526],[-89.37080360719851,43.12131404775368],[-89.37078447888858,43.121290979630594],[-89.37076556424992,43.12126808531859],[-89.37074542834065,43.12124361438805],[-89.37072457322238,43.121218162927],[-89.37070914860793,43.12119926659639],[-89.37069274451842,43.12117911059003],[-89.37068036171308,43.12116384660728],[-89.37067135203807,43.1211527227784],[-89.37065334380857,43.12113041301684],[-89.37064064812014,43.12111463943494],[-89.37061961679743,43.12108841649331],[-89.37060389309694,43.1210687306299],[-89.37058916123708,43.1210502297365],[-89.37057414589712,43.12103131106921],[-89.37055916375455,43.1210123780133],[-89.37054390427186,43.120993032586696],[-89.37053036570316,43.12097582025993],[-89.37051704567116,43.1209588303536],[-89.37049610342007,43.12093201786637],[-89.37048222626447,43.120914188815654],[-89.37046272641095,43.12088904394978],[-89.37044434114175,43.120865238925816],[-89.37042535455191,43.12084054613308],[-89.37040694983934,43.120816518770575],[-89.37038963513754,43.12079382493918],[-89.37036610265338,43.12076283571384],[-89.37029565854759,43.12068487086283]]]},"properties":{"NAME":"City of Madison","WardNumber":"32","AldDistrict":"12","SupDistrict":"18","AsmDistrict":"76","WardID":"0032"}},{"type":"Feature","geometry":{"type":"Polygon","coordinates":[[[-89.3550213497188,43.121634074492285],[-89.35505386551225,43.12262873184468],[-89.35514574865817,43.12244846427116],[-89.3551693941737,43.12240207192045],[-89.35524457883892,43.12225456424158],[-89.35525975192436,43.122222762856296],[-89.35527474810075,43.12219091636067],[-89.3552895673672,43.122159025654874],[-89.35530420972398,43.12212709073892],[-89.35531867517038,43.12209511251306],[-89.35532655727272,43.12207744645159],[-89.35533586092949,43.1220565057739],[-89.35551427325197,43.12205829389735],[-89.35636239782295,43.12206629779506],[-89.35954865348758,43.122114038096896],[-89.36164130744585,43.122138052539405],[-89.36335022704804,43.12218057123406],[-89.36366511711084,43.12218840235813],[-89.36368520101385,43.12125982511466],[-89.3636923697362,43.12085962398702],[-89.36370097472503,43.120424610579384],[-89.36371857046764,43.1196433242532],[-89.36373307048632,43.11892161984841],[-89.36374917833172,43.11773515177654],[-89.36376517693672,43.11641613975767],[-89.3637781821281,43.115625417478086],[-89.3637815726176,43.11541923060245],[-89.36385036442822,43.11018772015862],[-89.36383789552326,43.11016762903851],[-89.36371950697743,43.10997297575149],[-89.36369000348661,43.10992446614885],[-89.36317643089448,43.10908003204316],[-89.36289665512268,43.108620004382836],[-89.3628169264166,43.10848576845168],[-89.36274040661623,43.1083505332201],[-89.36266712146235,43.10821434011235],[-89.3625970905533,43.10807722964908],[-89.36253033716882,43.10793924595323],[-89.36246688213535,43.10780042864555],[-89.36240674136121,43.10766082094444],[-89.3623852210525,43.10760764814814],[-89.36234993689668,43.107520466071364],[-89.36229648464983,43.107379406344045],[-89.36224640052829,43.10723768408009],[-89.36219969920882,43.107095343396345],[-89.36217192423216,43.10700036224646],[-89.3621503679239,43.106926644654195],[-89.36212237883625,43.10683092979739],[-89.36114107237344,43.106833011850426],[-89.35933941806174,43.10683984231233],[-89.35781723816123,43.10684559132305],[-89.35537708944163,43.106842994878775],[-89.35481834107284,43.10684298058555],[-89.35473306142423,43.10684174402787],[-89.35466966924501,43.1069690197182],[-89.35461219103998,43.10709907326749],[-89.35456074818002,43.107231630054926],[-89.35451544929177,43.10736641017385],[-89.35447639002825,43.107503129022845],[-89.35444365286695,43.107641497906656],[-89.35441730693557,43.10778122464581],[-89.35439740786614,43.10792201419362],[-89.3543839976775,43.108063569259144],[-89.35437710468658,43.108205590935],[-89.35433645250744,43.11257561974088],[-89.35433740077839,43.11277889707316],[-89.35434463715184,43.112982047775695],[-89.35435815470072,43.1131848773813],[-89.35437098393275,43.11336267654851],[-89.35483733426418,43.11598714209442],[-89.35488938092143,43.11625479325312],[-89.35493688348129,43.11652328813965],[-89.35497982829555,43.11679254961148],[-89.35501820302555,43.11706250030584],[-89.35503882080988,43.11724941066653],[-89.35505369224009,43.1174368657719],[-89.35506280330407,43.117624688998575],[-89.35506614541721,43.11781270337633],[-89.35504940707779,43.11871327257769],[-89.3550213497188,43.121634074492285]]]},"properties":{"NAME":"City of Madison","WardNumber":"31","AldDistrict":"12","SupDistrict":"12","AsmDistrict":"76","WardID":"0031"}},{"type":"Feature","geometry":{"type":"Polygon","coordinates":[[[-89.31670238977723,43.10639078782302],[-89.31938304466183,43.10642220348848],[-89.32293431413741,43.10645633350424],[-89.32401117033467,43.10646811102336],[-89.32701693059398,43.106500930584225],[-89.32702665622574,43.10612571752381],[-89.32729619756451,43.106129467868094],[-89.327299041303,43.10601975097708],[-89.3273018838084,43.10591003048238],[-89.32730205228076,43.10590355171629],[-89.32730583679466,43.10580032260712],[-89.32755853883921,43.105803842352515],[-89.32756256014338,43.1056941408237],[-89.32756529401148,43.105619557355816],[-89.32756651473716,43.10558626913692],[-89.3275666403859,43.10558285156833],[-89.32756953069563,43.10550399276198],[-89.32809302411708,43.105512277639164],[-89.32820625728735,43.105514069148775],[-89.32822490884304,43.104674329769225],[-89.32823668382598,43.1043292237549],[-89.32567912129204,43.10569203732268],[-89.32574022108072,43.10417134855631],[-89.32502402109725,43.104188373080014],[-89.32356299543535,43.10422477469025],[-89.32362301203237,43.102736431606296],[-89.32362931873864,43.10258004219828],[-89.32403385640653,43.102569964867406],[-89.32580509925755,43.102525823333124],[-89.3258685430738,43.10093116005582],[-89.32597409263849,43.098277967255996],[-89.32597804063272,43.098187557395796],[-89.32822429466428,43.09819784578311],[-89.32831022057704,43.09820043027152],[-89.32839542035073,43.098205578483274],[-89.32848291778343,43.09821346121432],[-89.32857110276805,43.098223968230336],[-89.32865924707713,43.09823700982488],[-89.32874700688419,43.09825253081113],[-89.32883404819256,43.09827047331122],[-89.32892014385341,43.098290787636195],[-89.32900443565079,43.098313242664],[-89.32908746878186,43.09833795135452],[-89.32916911925133,43.098364877605654],[-89.3292492974459,43.098393991644265],[-89.32932790148232,43.09842525468656],[-89.32940488349288,43.09845864689467],[-89.32948018578978,43.098494143922515],[-89.32955376050839,43.09853172323199],[-89.33024980233874,43.09889060046089],[-89.33024983492625,43.09889016483907],[-89.33031281138878,43.09892046234211],[-89.33037613611054,43.098950366746394],[-89.33043980540991,43.09897987534798],[-89.33050381437438,43.09900898724232],[-89.33056815809391,43.0990376997246],[-89.3306328316572,43.09906601099018],[-89.33069783261091,43.09909391833621],[-89.33075636894392,43.0991185891252],[-89.3308151600704,43.09914293245135],[-89.33085520940223,43.09915922200773],[-89.33090486938427,43.09917858765335],[-89.33093349319648,43.09919063220268],[-89.33110816638789,43.099258375081185],[-89.33158779748742,43.09944544080727],[-89.33159052028526,43.09944652758198],[-89.33166040550937,43.09936792682062],[-89.33172637478094,43.09925088328835],[-89.3320246413263,43.098833247617776],[-89.3321941785685,43.098596893489],[-89.33237634863619,43.098291669818444],[-89.33249251247827,43.09812874573595],[-89.33260867024107,43.09797041293303],[-89.33264818797852,43.097912136322755],[-89.33268521104513,43.09785298555122],[-89.33271970251306,43.09779301909834],[-89.33275163036922,43.09773229454775],[-89.33278096137013,43.09767087128212],[-89.33280766964245,43.09760880868977],[-89.33283172808355,43.09754616705803],[-89.33285311450427,43.097483006677834],[-89.33287180548616,43.09741938873918],[-89.33288778620778,43.09735537533868],[-89.33290103816294,43.097291028569806],[-89.33291842277637,43.09721514574755],[-89.33293336104315,43.097138983783125],[-89.33294584676938,43.097062584977465],[-89.33295587130476,43.09698599162921],[-89.33295482417796,43.09693059959136],[-89.3329143839166,43.09673081617392],[-89.3328396105043,43.096441463132834],[-89.33277719380484,43.09627380684613],[-89.33268032413244,43.09609923601773],[-89.3325864732272,43.09600273040638],[-89.33248950947527,43.09589244715139],[-89.33243629064361,43.09584134547519],[-89.33238538159002,43.09578899444758],[-89.33233683749957,43.095735450821216],[-89.33229071110013,43.09568077134678],[-89.3322470514316,43.09562501457219],[-89.33220590507423,43.09556824084352],[-89.33216731614992,43.09551051140494],[-89.33213132632474,43.09545188659847],[-89.33209797357436,43.09539243036351],[-89.33206729341877,43.09533220573736],[-89.3320393201466,43.09527127755626],[-89.33201408313188,43.09520971155266],[-89.33199160806478,43.09514757255574],[-89.33197192063122,43.09508492809489],[-89.33195504037697,43.095021844794324],[-89.33197094104644,43.09486113820683],[-89.33199335394839,43.094532829148136],[-89.3320564009347,43.09426883901183],[-89.33210049369707,43.09411045073905],[-89.33218856210664,43.09387403226465],[-89.33229543409803,43.09363303707392],[-89.3324084943511,43.093444854598864],[-89.33255916093246,43.09324751684362],[-89.33258228335376,43.09322609906664],[-89.33248497951365,43.093183540814245],[-89.32800110070012,43.09121836509993],[-89.32781772191868,43.09113843452212],[-89.32527964004449,43.09002602491624],[-89.32506082017676,43.0899310723046],[-89.32491277646746,43.089867133919654],[-89.32089990775754,43.08811205977498],[-89.3187091164063,43.08715401858074],[-89.31643651350575,43.086160733198724],[-89.31618800779815,43.08605261261956],[-89.31424530199132,43.08520636634721],[-89.31419715466612,43.085185374655865],[-89.31414910090785,43.08516426691944],[-89.31410114194162,43.08514304493936],[-89.31405327654106,43.08512170781443],[-89.31400550838897,43.08510025644842],[-89.3139578338013,43.08507869083793],[-89.31391025768876,43.08505701188786],[-89.31386277636905,43.08503521869474],[-89.31381539352482,43.08501331216224],[-89.31376810915621,43.08499129229048],[-89.31372092203534,43.08496915907844],[-89.31367383461686,43.08494691342867],[-89.31362684567291,43.08492455534011],[-89.3135799564316,43.08490208481404],[-89.31353316812114,43.08487950185177],[-89.31348648074012,43.08485680735354],[-89.3134398942886,43.08483400131946],[-89.31339340999479,43.08481108375078],[-89.31334702785877,43.08478805464763],[-89.3133007491056,43.08476491581152],[-89.31325457251053,43.084741665441214],[-89.31314507192083,43.084685156276734],[-89.31310942273142,43.08466635067964],[-89.31307387690086,43.08464744165829],[-89.3130384356589,43.08462842831372],[-89.31300309777762,43.08460931064495],[-89.31296786448189,43.08459009045335],[-89.31293273577501,43.08457076593893],[-89.31289771288023,43.084551339803184],[-89.31286279702893,43.08453181024718],[-89.31282798821785,43.08451217907127],[-89.3127932864488,43.08449244537533],[-89.31275869294818,43.08447261006092],[-89.31272420771441,43.084452674028014],[-89.3126898307477,43.084432637276905],[-89.31265556450563,43.08441249890984],[-89.31262140775705,43.08439226072592],[-89.31258736295807,43.084371922727705],[-89.31255342888073,43.084351484914016],[-89.31251960552342,43.08433094818508],[-89.31248589534394,43.08431031164326],[-89.31245229833897,43.084289577088825],[-89.31241881451034,43.0842687436218],[-89.31238544508273,43.08424781304367],[-89.31235219005949,43.08422678355436],[-89.3123190494358,43.08420565785414],[-89.31228602444298,43.08418443414425],[-89.31225311630574,43.08416311422606],[-89.31222032379623,43.0841416980985],[-89.31218764936882,43.084120186664215],[-89.31195501754532,43.083956062360315],[-89.31151342082606,43.083969071039206],[-89.31153742251429,43.08405144636995],[-89.31177394365227,43.08486256572948],[-89.31180900507451,43.084990391494394],[-89.31184470170139,43.085118123347286],[-89.31188103354165,43.08524575858728],[-89.3119180006007,43.085373296313705],[-89.31195560288705,43.08550073382564],[-89.31199383917816,43.085628070221134],[-89.31203270825291,43.085755303698214],[-89.31207221134791,43.08588243155714],[-89.31211234723888,43.08600945379603],[-89.3121531147063,43.08613636771283],[-89.31219451375706,43.086263171506594],[-89.31256472841014,43.08728088525961],[-89.31317689147848,43.088963630406184],[-89.31400209983786,43.09121034510167],[-89.31439698101512,43.09228803636705],[-89.31464614960171,43.09297759557368],[-89.31532895788844,43.0948864853512],[-89.31565801605306,43.09582689070103],[-89.31590718589841,43.09651514334669],[-89.3160881251187,43.097016085297405],[-89.31621988469686,43.097408013534036],[-89.31633228425495,43.09776374508478],[-89.31644983035599,43.09823089106801],[-89.31646974862315,43.09831282931921],[-89.3164707301648,43.09831703459037],[-89.31648862236811,43.098393645077145],[-89.31651373924151,43.09850252269392],[-89.3165143582361,43.09850541888528],[-89.31713584856259,43.09849177841821],[-89.31686961875499,43.09872579902799],[-89.31692860476211,43.09904461897354],[-89.31697884442113,43.099364242719815],[-89.31702031570815,43.09968454154385],[-89.31705300274098,43.10000538582637],[-89.31707689086312,43.100326646847286],[-89.31709197156202,43.100648194089906],[-89.31709823755124,43.10096989793682],[-89.31709662092469,43.101244395138366],[-89.31713648849873,43.101243530735644],[-89.3171314181276,43.10172557765783],[-89.31728494778935,43.10197130323775],[-89.31728580767538,43.10197128512368],[-89.31927031020663,43.10192802499172],[-89.31953658735536,43.10192221813521],[-89.31966045143074,43.10191951634085],[-89.31961870583427,43.10118989569848],[-89.31961695969468,43.10115937537922],[-89.31957417439749,43.10041156178319],[-89.31946141798507,43.09844070778141],[-89.31962213753097,43.098437176809995],[-89.32070761398923,43.098413321425],[-89.3207077058882,43.09841494438565],[-89.32076186982208,43.09936107056998],[-89.31963962169542,43.099393854028705],[-89.3196976171576,43.10040776865285],[-89.32076147510794,43.10037660347304],[-89.32046830514312,43.10192862152149],[-89.32046819733567,43.101929189387995],[-89.31978552171715,43.10194411098798],[-89.3195381472311,43.10194951773083],[-89.31909469281264,43.10195920839555],[-89.31730193777965,43.10199837307779],[-89.31712850830621,43.10200214566193],[-89.31707519773576,43.10200330555213],[-89.31709402084962,43.10135410581205],[-89.3167805174472,43.10136466913512],[-89.31669768243243,43.104840594704235],[-89.31671082817333,43.105974125769116],[-89.31670238977723,43.10639078782302]]]},"properties":{"NAME":"City of Madison","WardNumber":"17","AldDistrict":"15","SupDistrict":"17","AsmDistrict":"76","WardID":"0017"}},{"type":"Feature","geometry":{"type":"Polygon","coordinates":[[[-89.32089990775754,43.08811205977498],[-89.32491277646746,43.089867133919654],[-89.32506082017676,43.0899310723046],[-89.32527964004449,43.09002602491624],[-89.32781772191868,43.09113843452212],[-89.32800110070012,43.09121836509993],[-89.33248497951365,43.093183540814245],[-89.33258228335376,43.09322609906664],[-89.33274738786596,43.093073168898655],[-89.33288231817295,43.09292403497107],[-89.33300793641084,43.09271519718153],[-89.33317439098727,43.09243062328186],[-89.33359501984006,43.091856950345885],[-89.33408164303185,43.09113408819144],[-89.33410883328955,43.09108674133749],[-89.33415224847809,43.091011139305465],[-89.3340397386754,43.090971339365524],[-89.33408318308983,43.09089677069588],[-89.334178745971,43.090754484339655],[-89.33421252183818,43.09065353703783],[-89.33422305936834,43.09055648640092],[-89.3342236050356,43.0905064484325],[-89.33418727448793,43.09046774318082],[-89.33418769434822,43.09042925250478],[-89.33421453228317,43.09037551823559],[-89.33424691193332,43.09029486981134],[-89.33425846128867,43.09019870384125],[-89.33432372343468,43.089991220476676],[-89.33430898181487,43.08989874992221],[-89.33424128246604,43.08984831298072],[-89.3341421669049,43.089789992152674],[-89.33376674707156,43.089552983417256],[-89.33365717330042,43.08949075214765],[-89.33359472910878,43.08945799956281],[-89.33256616438523,43.088918504545575],[-89.33246705191006,43.08886018315748],[-89.33239918289708,43.088825142106565],[-89.33239863687761,43.0888248095409],[-89.3323418153663,43.08879015966635],[-89.33227407760691,43.0887435703502],[-89.33221166884307,43.08868931272405],[-89.3319904690023,43.08852414649942],[-89.33187090749662,43.088415662049705],[-89.33179296178852,43.08834206586146],[-89.33094397786317,43.08772503173526],[-89.33091798323618,43.087701781198255],[-89.33090223448521,43.087701689427234],[-89.33089169562537,43.08770547674565],[-89.33085981507342,43.08773993507623],[-89.33079661089835,43.08775880833942],[-89.33074936583293,43.08775853117064],[-89.33067599849713,43.08774655338461],[-89.3306133391547,43.08771538856688],[-89.33054543479362,43.08768419521153],[-89.33043108363469,43.08757959014594],[-89.33037454364428,43.087545434566636],[-89.33026472743416,43.08750629552019],[-89.33020173141054,43.08750592536246],[-89.3301389484203,43.08748630758041],[-89.33008141420824,43.08746672459206],[-89.33006628718333,43.08745826496688],[-89.33003967133436,43.0874433810684],[-89.32978883477566,43.08733797228946],[-89.32955895378754,43.087236534967204],[-89.32947005069124,43.08720521775883],[-89.32940739251153,43.0871740522779],[-89.32937081718477,43.08715843826634],[-89.32929249458844,43.087119484041864],[-89.3292299243636,43.087080622669916],[-89.3291935148851,43.087049611605956],[-89.32916227126779,43.08702633209813],[-89.32901634369368,43.08692923917744],[-89.32898501608094,43.086913655417234],[-89.32895906398836,43.086886555633164],[-89.32870424898499,43.08666564203649],[-89.32864718200338,43.08660371524359],[-89.32860556713536,43.0865688238984],[-89.32853270919209,43.086510656456454],[-89.3284596255749,43.086471721245886],[-89.32840739894313,43.086448326229466],[-89.3283819258259,43.08644644754149],[-89.32830365116791,43.08640364294044],[-89.32820513881441,43.0862914301586],[-89.32810154234075,43.08620994166742],[-89.3280952833198,43.08619527297086],[-89.32807076427639,43.08620718364967],[-89.32802041976676,43.086231642988416],[-89.32675634956334,43.08684578078426],[-89.3266520169094,43.08689646933699],[-89.32648900704184,43.08672005010723],[-89.32642251149443,43.086645820735924],[-89.32638106846115,43.08659759642539],[-89.3263459251223,43.08655507771706],[-89.32634081989589,43.08654890234691],[-89.32630173638246,43.08649970067278],[-89.32626383385983,43.08645000671934],[-89.32622711598636,43.086399835792506],[-89.32619916386767,43.08635998016667],[-89.32619160361428,43.08634920231251],[-89.3261573004004,43.08629812248538],[-89.32612421491612,43.08624661072096],[-89.32609236432373,43.086194685036794],[-89.3260739094017,43.08616313808817],[-89.32606175473838,43.08614235984065],[-89.32603239718603,43.08608965044445],[-89.32600430023355,43.086036573958324],[-89.32597746876635,43.08598314568902],[-89.32595191380871,43.08592938184854],[-89.32592764146963,43.08587530044476],[-89.32590466400394,43.08582091589061],[-89.32589469853133,43.085795773074075],[-89.32588372147178,43.08576808031815],[-89.32549300274216,43.08482597645627],[-89.32527197010683,43.08429300853175],[-89.32517770412639,43.08406509222215],[-89.32516863184276,43.084043158953705],[-89.32516590624962,43.08403656609823],[-89.32507381245713,43.0838139045273],[-89.32502888211624,43.08370525921199],[-89.32502708713477,43.083705035362684],[-89.32496849978715,43.08369772628049],[-89.32492763744939,43.08369271039287],[-89.32488667367892,43.083688164257524],[-89.32484561706787,43.083684089681796],[-89.3248044774379,43.083680487574156],[-89.32476326706804,43.08367735794494],[-89.32472199454904,43.083674703501586],[-89.32468066970681,43.08367252245235],[-89.32463930358811,43.08367081750676],[-89.32459790601875,43.08366958687306],[-89.32455648804552,43.083668833260894],[-89.32451505826624,43.08366855487737],[-89.32447362772915,43.083668753532145],[-89.32443220625998,43.0836694274334],[-89.32425088010795,43.083673961912666],[-89.32263059649298,43.083714470605855],[-89.32184309489108,43.08373185768279],[-89.32140058457892,43.083736653367815],[-89.32130954258301,43.08373921584197],[-89.32121853166196,43.083742293129404],[-89.32112755427083,43.083745884332174],[-89.32103661900194,43.08374999035811],[-89.32094572831201,43.08375460940924],[-89.32085488956669,43.08375974149224],[-89.32076410767422,43.08376538751167],[-89.32067338754744,43.08377154567183],[-89.32058273409444,43.08377821687731],[-89.32049215468405,43.08378539933461],[-89.31912021717453,43.08384246603634],[-89.31626762374133,43.08391760294069],[-89.31505900036454,43.08393162114157],[-89.31328963972355,43.083916735725914],[-89.31195501754532,43.083956062360315],[-89.31218764936882,43.084120186664215],[-89.31222032379623,43.0841416980985],[-89.31225311630574,43.08416311422606],[-89.31228602444298,43.08418443414425],[-89.3123190494358,43.08420565785414],[-89.31235219005949,43.08422678355436],[-89.31238544508273,43.08424781304367],[-89.31241881451034,43.0842687436218],[-89.31245229833897,43.084289577088825],[-89.31248589534394,43.08431031164326],[-89.31251960552342,43.08433094818508],[-89.31255342888073,43.084351484914016],[-89.31258736295807,43.084371922727705],[-89.31262140775705,43.08439226072592],[-89.31265556450563,43.08441249890984],[-89.3126898307477,43.084432637276905],[-89.31272420771441,43.084452674028014],[-89.31275869294818,43.08447261006092],[-89.3127932864488,43.08449244537533],[-89.31282798821785,43.08451217907127],[-89.31286279702893,43.08453181024718],[-89.31289771288023,43.084551339803184],[-89.31293273577501,43.08457076593893],[-89.31296786448189,43.08459009045335],[-89.31300309777762,43.08460931064495],[-89.3130384356589,43.08462842831372],[-89.31307387690086,43.08464744165829],[-89.31310942273142,43.08466635067964],[-89.31314507192083,43.084685156276734],[-89.31325457251053,43.084741665441214],[-89.3133007491056,43.08476491581152],[-89.31334702785877,43.08478805464763],[-89.31339340999479,43.08481108375078],[-89.3134398942886,43.08483400131946],[-89.31348648074012,43.08485680735354],[-89.31353316812114,43.08487950185177],[-89.3135799564316,43.08490208481404],[-89.31362684567291,43.08492455534011],[-89.31367383461686,43.08494691342867],[-89.31372092203534,43.08496915907844],[-89.31376810915621,43.08499129229048],[-89.31381539352482,43.08501331216224],[-89.31386277636905,43.08503521869474],[-89.31391025768876,43.08505701188786],[-89.3139578338013,43.08507869083793],[-89.31400550838897,43.08510025644842],[-89.31405327654106,43.08512170781443],[-89.31410114194162,43.08514304493936],[-89.31414910090785,43.08516426691944],[-89.31419715466612,43.085185374655865],[-89.31424530199132,43.08520636634721],[-89.31618800779815,43.08605261261956],[-89.31643651350575,43.086160733198724],[-89.3187091164063,43.08715401858074],[-89.32089990775754,43.08811205977498]]]},"properties":{"NAME":"City of Madison","WardNumber":"16","AldDistrict":"15","SupDistrict":"17","AsmDistrict":"76","WardID":"0016"}},{"type":"Feature","geometry":{"type":"Polygon","coordinates":[[[-89.34885670217398,43.121593948630846],[-89.34888501862179,43.121613713052135],[-89.34891281485706,43.12163386867472],[-89.34894008105617,43.12165441009221],[-89.34962583456836,43.12223695177354],[-89.35054847325507,43.12302694580848],[-89.35058455481916,43.12306003066578],[-89.3506211479501,43.123092812499294],[-89.35065824650741,43.123125288604406],[-89.35069584804107,43.12315745267844],[-89.35073394518069,43.123189302916124],[-89.3507725330186,43.123220833013285],[-89.35081160910057,43.12325204026751],[-89.35085116605921,43.12328292017333],[-89.35089119898353,43.12331346912678],[-89.3509317041926,43.12334368262464],[-89.35097267431782,43.12337355706139],[-89.35136577754277,43.1236779681437],[-89.35215096927885,43.12311662549329],[-89.35232556359888,43.12299801325584],[-89.35279550164927,43.1226787545701],[-89.35303543443163,43.122515752140345],[-89.35407433561573,43.12177160934814],[-89.35422267863916,43.12168739280666],[-89.35424467849533,43.12167723659109],[-89.35426705261945,43.12166752884066],[-89.35428978257346,43.121658275844936],[-89.3543128511482,43.121649483894096],[-89.35433624236124,43.12164116107938],[-89.35435993654694,43.12163331278948],[-89.35438391772493,43.121625945315465],[-89.35440816500089,43.12161906404528],[-89.35443266362428,43.12161267437066],[-89.354457391472,43.1216067816789],[-89.35448233256785,43.12160138866069],[-89.35450746601663,43.12159650160421],[-89.35453277338547,43.12159212229866],[-89.35455823623786,43.12158825613354],[-89.35458383491321,43.12158490399727],[-89.35460954974815,43.12158206947852],[-89.35463536108122,43.12157975436584],[-89.35465405689887,43.12157948276637],[-89.35467275463473,43.12157970171682],[-89.35469142971515,43.12158041030262],[-89.35471005879516,43.12158160760989],[-89.35472861607245,43.12158329272331],[-89.3547470806614,43.12158546293044],[-89.35476542676169,43.12158811551573],[-89.35478363103128,43.121591246865194],[-89.354801671356,43.12159485426557],[-89.35481952316799,43.12159893140179],[-89.35483716558366,43.121603473761205],[-89.35485457403529,43.12160847502877],[-89.3548717276402,43.121613929791806],[-89.35488860428899,43.121619830836586],[-89.35490518064445,43.12162617004868],[-89.35492143828341,43.12163294021665],[-89.3550213497188,43.121634074492285],[-89.35504940707779,43.11871327257769],[-89.35506614541721,43.11781270337633],[-89.35506280330407,43.117624688998575],[-89.35505369224009,43.1174368657719],[-89.35503882080988,43.11724941066653],[-89.35501820302555,43.11706250030584],[-89.35497982829555,43.11679254961148],[-89.35493688348129,43.11652328813965],[-89.35488938092143,43.11625479325312],[-89.35483733426418,43.11598714209442],[-89.35437098393275,43.11336267654851],[-89.35429947784942,43.11331895157765],[-89.35367452311506,43.11293679336532],[-89.35262836833918,43.11233376103091],[-89.35109129818495,43.111401644922616],[-89.35081157472105,43.11123711224751],[-89.35077479884313,43.11121639338142],[-89.35073758882501,43.111196093677535],[-89.35069995448745,43.11117621944236],[-89.35066190442456,43.11115677518124],[-89.35062344723164,43.11113776449955],[-89.35058459273137,43.11111919190356],[-89.35054535074434,43.11110106369965],[-89.35050572986665,43.11108338259315],[-89.35046573992085,43.11106615309023],[-89.35042538949993,43.11104938059655],[-89.35038469088659,43.1110330669196],[-89.35034365144509,43.11101721746424],[-89.35030228099905,43.111001835836596],[-89.35026059182778,43.11098692654462],[-89.35021859129978,43.110972491392715],[-89.35017629046692,43.11095853398792],[-89.35013370037902,43.110945059737396],[-89.35009082963397,43.110932069546436],[-89.35004769051106,43.11091956792283],[-89.35000429037754,43.11090755757136],[-89.34996064274327,43.11089604120042],[-89.34991675743252,43.110885021516246],[-89.34987264304092,43.11087450122436],[-89.3498283130783,43.110864483033225],[-89.34978377491176,43.11085496964767],[-89.34973904205317,43.11084596197602],[-89.34969412309597,43.11083746452396],[-89.34964903032555,43.11082947639902],[-89.34960377479251,43.1108220021085],[-89.34955836632292,43.11081504255852],[-89.3495128159715,43.11080859865599],[-89.34946713479192,43.11080267220795],[-89.3494213326082,43.11079726592084],[-89.34937542293302,43.11079237980308],[-89.34932941559262,43.11078801476091],[-89.34928332163942,43.11078417350153],[-89.34923715090166,43.11078085513098],[-89.34919091566138,43.11077806145722],[-89.3491446282029,43.110775792488],[-89.34909829712262,43.110774050029015],[-89.34905193470571,43.1107728331879],[-89.3490055532355,43.11077214287252],[-89.34895916131043,43.110771979088454],[-89.3469324656115,43.11076242779736],[-89.3448136392801,43.110751390450424],[-89.34476104537303,43.11075149620298],[-89.34470845328222,43.110751135682285],[-89.34465587160751,43.11075030979437],[-89.34460330649392,43.1107490176433],[-89.34455076654014,43.11074726103511],[-89.34449826034948,43.11074503817537],[-89.34444579406345,43.11074235086863],[-89.34439337628298,43.110739199120715],[-89.3443410143806,43.11073558293675],[-89.34428871572631,43.11073150412199],[-89.34423648769368,43.11072696178146],[-89.34418433888142,43.11072195772129],[-89.34412801914138,43.11071602369315],[-89.34407180943747,43.11070955055429],[-89.34401571959832,43.11070253921164],[-89.34395976067997,43.11069499147311],[-89.3439039412823,43.1106869082449],[-89.34384827000542,43.11067829043318],[-89.34379275790407,43.110669140746],[-89.34373741357946,43.110659459189534],[-89.34368224685764,43.11064924847099],[-89.34362726756721,43.11063850949749],[-89.34357248430575,43.11062724497553],[-89.34351790690053,43.11061545671229],[-89.34346354517885,43.11060314651501],[-89.34340940773927,43.11059031619015],[-89.34335550317944,43.11057696844421],[-89.34330184255501,43.11056310508531],[-89.3432484332349,43.11054872881919],[-89.34319528504513,43.11053384235325],[-89.34314240658416,43.110518447493966],[-89.34308980890536,43.11050254784973],[-89.34303749815005,43.11048614522544],[-89.34298548537268,43.110469242329344],[-89.34293377916937,43.110451842768235],[-89.34288238813615,43.110433950148796],[-89.34283131964399,43.11041556537677],[-89.34278058474365,43.11039669386068],[-89.34273019080487,43.110377337406376],[-89.34268014642365,43.11035749962061],[-89.34263046019575,43.110337184110236],[-89.34258114194685,43.11031639358288],[-89.34253219781324,43.1102951334438],[-89.34248363885021,43.11027340550133],[-89.34243547119509,43.110251214260785],[-89.34238770344369,43.11022856332901],[-89.34234034419168,43.11020545631285],[-89.34229340203338,43.110181897719336],[-89.34224688310624,43.11015789205375],[-89.34220079846385,43.11013344202456],[-89.34215515301506,43.11010855213628],[-89.34210995535287,43.11008322779599],[-89.34206521530129,43.11005747261143],[-89.34202093776999,43.11003129018698],[-89.34197713135191,43.11000468592982],[-89.34193380341267,43.1099776643461],[-89.34189096131777,43.10995022994205],[-89.34184861366114,43.10992238722467],[-89.34180676534996,43.10989414159854],[-89.3417654262067,43.109865497571604],[-89.34172460114078,43.10983645874825],[-89.341684297514,43.10980703233496],[-89.34164452392119,43.10977722193875],[-89.34160528526938,43.10974703296414],[-89.34156658892368,43.10971646991744],[-89.34152844101715,43.10968554000422],[-89.34094519645471,43.10920470510583],[-89.34084751611351,43.10912426154359],[-89.33915076257242,43.10772686874441],[-89.33911881659313,43.10770187415738],[-89.33908639969007,43.1076772068549],[-89.33905351676991,43.10765287224083],[-89.33902017642592,43.1076288748214],[-89.33898638356465,43.10760522000042],[-89.33895214432361,43.107581911382354],[-89.33891746729465,43.10755895437363],[-89.3388823561595,43.10753635167681],[-89.33884682073605,43.10751411049947],[-89.33881086716406,43.10749223264585],[-89.33877450035105,43.107470722619645],[-89.33873773011604,43.107449586728315],[-89.33870056137033,43.107428826775205],[-89.33852787670266,43.107322832106426],[-89.33848536894973,43.10735634767119],[-89.33844236408699,43.107389519919096],[-89.33839886703194,43.10742234615286],[-89.33835488270456,43.107454821875066],[-89.33831041725207,43.107486943489334],[-89.33826547436611,43.10751870649725],[-89.33822006019273,43.10755010820249],[-89.33817417965213,43.107581144107684],[-89.33812783889165,43.10761181061626],[-89.3380810440588,43.107642104131955],[-89.33803379884537,43.10767202015634],[-89.3379861118533,43.10770155689503],[-89.33793798554603,43.10773070984879],[-89.33788942729964,43.10775947542216],[-89.33784044326174,43.10778785001866],[-89.33779103835036,43.107815830941114],[-89.33774121871316,43.1078434145932],[-89.33769099049796,43.10787059737843],[-89.3376403598525,43.107897375700475],[-89.33758933169496,43.10792374686211],[-89.33751827510122,43.10796201687961],[-89.3374476514853,43.10800071381959],[-89.33737746453323,43.108039836785494],[-89.33730772039299,43.10807938128219],[-89.33723842398048,43.1081193455139],[-89.33716957898298,43.10815972768396],[-89.3371011890919,43.108200523295494],[-89.33703326167995,43.10824173055458],[-89.33696580043603,43.108283346764395],[-89.33689880782168,43.10832536832733],[-89.33683229121003,43.10836779344943],[-89.33676625429118,43.10841061853394],[-89.33670069952562,43.10845384088311],[-89.3366356342878,43.108497457803075],[-89.336571062268,43.10854146569703],[-89.33650698592682,43.10858586186727],[-89.33644341141036,43.10863064361898],[-89.33638034363749,43.10867580735635],[-89.33631778506773,43.108721351281716],[-89.3362557406226,43.10876726999911],[-89.33575178985087,43.10913877123152],[-89.3357485096863,43.10914142674226],[-89.33447679525105,43.110147854616564],[-89.33414295924098,43.11047769729555],[-89.33340005688534,43.111026377187606],[-89.33045912077556,43.11316653311738],[-89.32859039455546,43.114354432624005],[-89.32696411167142,43.11539396852483],[-89.32466785642127,43.11684317633859],[-89.32468068638012,43.11686003616743],[-89.32468079794107,43.1168601919791],[-89.32469292375742,43.11687713131535],[-89.32470456120092,43.11689444917495],[-89.32471559135534,43.11691197893903],[-89.32472600686542,43.11692970980024],[-89.3247343879729,43.116947277811576],[-89.32474210043166,43.11696500997077],[-89.32474913934934,43.116982891872205],[-89.32475549860357,43.11700091000938],[-89.32476117330188,43.11701904997668],[-89.32476615977919,43.11703729826964],[-89.32477045314165,43.11705564138279],[-89.32477405095558,43.117074064012456],[-89.32477694955429,43.11709255355427],[-89.32477914773432,43.117111093805455],[-89.32478064305755,43.11712967216277],[-89.32478143431901,43.11714827332344],[-89.32481906131974,43.11802112851769],[-89.3248198447056,43.11807030052942],[-89.32482134811802,43.11811946325197],[-89.32482357279599,43.11816861128581],[-89.3248265175225,43.118217738329115],[-89.32483018353516,43.118266839882445],[-89.32483456715951,43.118315909641936],[-89.32483967086186,43.1183649431091],[-89.3248454921994,43.1184139321809],[-89.32485203117942,43.118462873256895],[-89.32485928781371,43.11851176003626],[-89.32498869277218,43.11951755066495],[-89.32499378556274,43.119558864883345],[-89.32499831801059,43.11960021372929],[-89.32500228889295,43.11964159270129],[-89.32500569698438,43.1196829990981],[-89.32500854228934,43.11972442931942],[-89.32501082358797,43.11976587706352],[-89.32501254334082,43.119807339632324],[-89.32504555832242,43.121033373478376],[-89.32504689891367,43.12107143515408],[-89.32578656271838,43.12104998996191],[-89.32589096245933,43.12104364267264],[-89.32599476884974,43.12103084316859],[-89.32609758350934,43.12101164057072],[-89.32619901186385,43.12098610857331],[-89.32629866465929,43.12095434516111],[-89.32639615945573,43.12091647223332],[-89.32649112209508,43.120872635135775],[-89.32658318813694,43.12082300210315],[-89.32667200425729,43.12076776361332],[-89.32681288383424,43.120673809367034],[-89.32709332728226,43.12048092262942],[-89.32718017812344,43.12041855396586],[-89.32727072037873,43.12036167674004],[-89.32736460731604,43.120310508763616],[-89.32746147939483,43.120265245984626],[-89.32756096564292,43.120226061737156],[-89.32766268507717,43.12019310607749],[-89.32769266079424,43.12018454030843],[-89.32772287661365,43.12017644277938],[-89.32775332024605,43.12016881528014],[-89.32778397816918,43.12016166229987],[-89.32781483563473,43.120154986526536],[-89.3278458803492,43.120148792450344],[-89.32787709633855,43.12014308095808],[-89.32790847008319,43.12013785473875],[-89.32793998929115,43.12013311738248],[-89.32797163798689,43.12012887067622],[-89.32800143635775,43.12012533261454],[-89.32803132621189,43.12012223026665],[-89.32806129403406,43.12011956362129],[-89.32809132876353,43.12011733446958],[-89.32812141811377,43.120115542801344],[-89.32815154979676,43.12011418950657],[-89.32818171152441,43.12011327547514],[-89.32821189223895,43.12011280069808],[-89.32824208088111,43.1201127660663],[-89.33044130874,43.12016556239331],[-89.33062364938438,43.12016810891703],[-89.33370137697925,43.12023706038481],[-89.33484712594631,43.12027196376806],[-89.33562564160245,43.12029567307052],[-89.33567397549658,43.120297022842905],[-89.33572227672506,43.12029888472456],[-89.33577053669178,43.12030125600878],[-89.33581874556567,43.12030413848838],[-89.33586689229305,43.12030752945473],[-89.33591496704405,43.12031142980068],[-89.3359629599926,43.120315837718756],[-89.33601086008117,43.1203207532006],[-89.3360586599412,43.120326174440684],[-89.336106347289,43.12033209962973],[-89.33615391229465,43.120338529660515],[-89.33620134636186,43.1203454618265],[-89.33624863843586,43.12035289431932],[-89.33629577991645,43.12036082713269],[-89.33634275975135,43.12036925665819],[-89.33638956811296,43.12037818198847],[-89.33643619640247,43.12038760221728],[-89.33648263356734,43.12039751373613],[-89.33652887100882,43.1204079156387],[-89.33657489890174,43.12041880521764],[-89.33662070741983,43.120430180665664],[-89.33666628550911,43.12044203927445],[-89.33671162703068,43.12045437833947],[-89.33675671970069,43.12046719605156],[-89.33680155615254,43.12048048880518],[-89.33684612533231,43.120494253892105],[-89.33727584166185,43.12064117554179],[-89.33755451737704,43.120735312239255],[-89.3376057513892,43.12075279484974],[-89.33765728097671,43.12076980600545],[-89.33770909754242,43.12078634209928],[-89.33776119248664,43.12080240132434],[-89.33781355843965,43.12081798097451],[-89.33786618680296,43.12083307834275],[-89.33791907020556,43.120847691623226],[-89.33797219882133,43.120861817207825],[-89.338025565278,43.120875454190795],[-89.33803229774942,43.12087710631418],[-89.33807916097587,43.120888600765284],[-89.33813297731729,43.12090125332428],[-89.33817557379517,43.12091048446378],[-89.3382183577066,43.1209192386744],[-89.33826131799314,43.120927515047605],[-89.33830444605526,43.120935311776805],[-89.33834773083811,43.1209426252533],[-89.3383911637384,43.120949456370674],[-89.3384347324726,43.120955801519465],[-89.33847842843974,43.12096165979309],[-89.33852224058134,43.12096703028325],[-89.33856616029773,43.12097191118334],[-89.3386101753028,43.120976300684056],[-89.3386542769932,43.12098019967914],[-89.33869845431158,43.120983606360234],[-89.33874269742813,43.12098651981998],[-89.33878699651444,43.120988938250875],[-89.33883134050816,43.12099086344521],[-89.33887571958078,43.120992293595336],[-89.3398953189796,43.12101543166593],[-89.34366404605917,43.121095138376475],[-89.3451865990925,43.12113526546353],[-89.34591154200898,43.12115159242332],[-89.34696989314521,43.12117739541011],[-89.34709622431747,43.12118047475754],[-89.34747227637395,43.12118964073678],[-89.3475113831604,43.121190116299495],[-89.3475504708525,43.121191138194206],[-89.34758952347755,43.12119270641056],[-89.34762852874914,43.12119482094054],[-89.34766747192543,43.12119747997443],[-89.34770633826258,43.121200683502664],[-89.34774511424642,43.12120443061651],[-89.34778378636497,43.121208718606944],[-89.34782233864564,43.12121354746369],[-89.34786075757745,43.12121891357774],[-89.34789903087393,43.12122481694126],[-89.34793714256669,43.121231253943634],[-89.34797508037022,43.12123822367691],[-89.3480128283172,43.12124572163054],[-89.3480503753509,43.12125374689738],[-89.34808770550383,43.12126229496685],[-89.34812480649161,43.12127136403102],[-89.34816166357434,43.12128095048017],[-89.34819826446983,43.12129105070622],[-89.34823459566688,43.121301661100325],[-89.34827064365537,43.121312777153534],[-89.34830639615191,43.121324396157895],[-89.34834183841858,43.12133651270358],[-89.34837695817401,43.12134912228253],[-89.3484117431357,43.12136222128671],[-89.34844618102426,43.12137580340783],[-89.34848025709853,43.12138986593644],[-89.34851396153773,43.12140440166578],[-89.34854728083144,43.12141940608702],[-89.34858020392676,43.12143487469289],[-89.34861271608777,43.121450800273465],[-89.34864480872002,43.121467177423085],[-89.34867646831417,43.12148400073277],[-89.34870768259039,43.12150126389437],[-89.34873844295542,43.12151896060207],[-89.34876873467294,43.12153708364598],[-89.34879854914834,43.1215556276204],[-89.34882787533277,43.12157458441781],[-89.34885670217398,43.121593948630846]]]},"properties":{"NAME":"City of Madison","WardNumber":"128","AldDistrict":"12","SupDistrict":"12","AsmDistrict":"76","WardID":"0128"}},{"type":"Feature","geometry":{"type":"Polygon","coordinates":[[[-89.37569747871837,43.07610970465593],[-89.37622844260916,43.0759933937879],[-89.37630982188145,43.07597214616459],[-89.37638950431253,43.075945224841625],[-89.37646709487059,43.075912763283554],[-89.37654220889443,43.07587492242105],[-89.37661447400049,43.07583188985314],[-89.37680666728501,43.07570321921061],[-89.3774888687915,43.07523302496002],[-89.37751892888281,43.07522069629802],[-89.37754865039575,43.07520793454656],[-89.37757802350329,43.075194745102706],[-89.37760703469587,43.07518113246203],[-89.37763567291857,43.075167102021005],[-89.37766392834395,43.07515266007685],[-89.37769178746237,43.07513781112517],[-89.37771924167419,43.075122561463495],[-89.37774627992415,43.075106917388624],[-89.37777289115779,43.07509088429713],[-89.37779906431919,43.07507446938586],[-89.37782479080899,43.07505767895254],[-89.37785005957272,43.07504051839372],[-89.37787485955467,43.07502299490625],[-89.37789918338201,43.0750051165885],[-89.37840932554833,43.07463901262438],[-89.38011694687269,43.07592061928521],[-89.38115869414625,43.07671766943789],[-89.38185235992852,43.076225367570395],[-89.38186363960243,43.07621689348347],[-89.38187542367052,43.07620879851641],[-89.38188769124936,43.07620109796336],[-89.3819004153163,43.07619380711639],[-89.38191357130496,43.07618694036835],[-89.3819271334213,43.07618051211169],[-89.38194107341674,43.07617453493775],[-89.38195536549898,43.07616902053863],[-89.38196997896434,43.07616398060468],[-89.38198488433889,43.076159424126566],[-89.38200005460378,43.07615536099573],[-89.38201545660158,43.07615180020145],[-89.38203105963285,43.07614874713343],[-89.3820468342256,43.07614620808205],[-89.3820627484519,43.07614418933669],[-89.38207876915799,43.07614269448608],[-89.3820948644185,43.076141726219284],[-89.38211100353647,43.076141286325765],[-89.38308459988805,43.07546550419436],[-89.38221989708497,43.07480741655406],[-89.38221084914603,43.07480005865249],[-89.38220232447465,43.074792372395656],[-89.38219870353595,43.07478874461586],[-89.38219434515851,43.07478437759372],[-89.38218693205708,43.074776094956476],[-89.38218010602907,43.07476754609368],[-89.38217388179356,43.07475875351323],[-89.3821682789813,43.074749738824536],[-89.38216330862616,43.07474052723447],[-89.38215898667482,43.07473114125116],[-89.38215532293324,43.07472160608115],[-89.38215232597939,43.07471194693021],[-89.38215000562029,43.07470218720457],[-89.38214836674871,43.07469235480919],[-89.38214741426039,43.07468247314847],[-89.3821471505936,43.07467256832622],[-89.38214757573043,43.07466266734554],[-89.38214869198893,43.07465298083126],[-89.3821504945614,43.07464334946354],[-89.38215297851798,43.074633801143776],[-89.38215613647617,43.07462435927201],[-89.38215995982351,43.07461505084822],[-89.38216443994799,43.074605901972355],[-89.38216956332856,43.07459693514217],[-89.38217531521434,43.07458817645536],[-89.38218168208391,43.07457964930981],[-89.38218864550511,43.074571376201526],[-89.38219618581813,43.07456337962604],[-89.38220428459096,43.07455568207949],[-89.38221291848156,43.074548304255806],[-89.38312923201119,43.07390402132403],[-89.38402613752439,43.07327088128907],[-89.38403612852166,43.07326419685847],[-89.38404657355989,43.073257897822494],[-89.38405744439115,43.07325199857323],[-89.38406871399334,43.07324651620349],[-89.38408035289099,43.07324146510504],[-89.38409232915421,43.07323685696843],[-89.3841046108525,43.07323270528445],[-89.3841171672845,43.073229020843996],[-89.38412996529456,43.073225812637034],[-89.38414297049944,43.073223089653034],[-89.38415614851664,43.0732208590813],[-89.38416946619299,43.073219126311436],[-89.38418288669165,43.073217896731705],[-89.3841963756333,43.073217173030955],[-89.38420989863896,43.073216956998],[-89.384223417647,43.073217249520205],[-89.38423592860642,43.07321759661257],[-89.38424839258325,43.07321847294844],[-89.38426076537901,43.07321987581297],[-89.38427300770758,43.07322180069255],[-89.38428507782896,43.073224240372596],[-89.3842969352307,43.07322718763889],[-89.38430854062993,43.073230632577456],[-89.38431985597269,43.07323456347431],[-89.38433084197872,43.07323896591491],[-89.3843414618223,43.07324382728575],[-89.384351681136,43.07324913047356],[-89.38436146678069,43.0732548574655],[-89.3843707831622,43.073260989347695],[-89.38525827317206,43.07393685070946],[-89.3862237840224,43.07326277622026],[-89.38712029312737,43.072630271529434],[-89.38599762003386,43.071778566416405],[-89.38550008383888,43.0713975922109],[-89.38526397204522,43.07120984468837],[-89.38514520702924,43.0711241542508],[-89.38512931217296,43.07111266108262],[-89.38483638487294,43.07089900186853],[-89.38454673273411,43.07067736535857],[-89.38430443167033,43.07048131484027],[-89.38429918221954,43.07045686089356],[-89.38429463017225,43.070432331568924],[-89.38429077797636,43.070407737668525],[-89.38428762807932,43.070383090894616],[-89.38428518047476,43.070358400248224],[-89.38428343883723,43.070333678332105],[-89.3842824007043,43.0703089350466],[-89.38428206852396,43.070284181193735],[-89.38428244228875,43.07025942757485],[-89.38430292202581,43.069327388944394],[-89.3842946206215,43.069221234284015],[-89.38508372711368,43.06866637940633],[-89.38508731228758,43.068663858479404],[-89.38508939534779,43.06866239468674],[-89.38514677036899,43.06862205084223],[-89.385181112564,43.068597902281454],[-89.385050392494,43.06850002673174],[-89.38502472357655,43.068482193638665],[-89.38499863951564,43.06846468714237],[-89.3849721476746,43.06844751174548],[-89.38494525541519,43.068430674650955],[-89.38491797378482,43.06841417856244],[-89.38489030769038,43.06839802978194],[-89.38486226572331,43.06838223191241],[-89.38483385770114,43.06836679125758],[-89.3848050922159,43.0683517105202],[-89.38432025976344,43.06839488286387],[-89.38432614776903,43.068127855553016],[-89.38408746028372,43.0683186576543],[-89.38385640297034,43.06855622489492],[-89.38353306265826,43.06881109559403],[-89.38314249651437,43.06909508148509],[-89.38279014434838,43.06936356771974],[-89.38252323640707,43.06953220794663],[-89.38228583665229,43.06976106666865],[-89.38162202935517,43.070279657212645],[-89.38159844367617,43.070296000120976],[-89.38158264835506,43.07030614047838],[-89.3815663818518,43.07031586931893],[-89.38154697288536,43.07032664566078],[-89.38135559214045,43.070425643757645],[-89.3812885851535,43.070460305293466],[-89.3812668987576,43.070472756765405],[-89.38125186753703,43.07048207195552],[-89.38122295841639,43.07050180806986],[-89.38092663865406,43.070731841750984],[-89.38090452483593,43.07074794831903],[-89.38087879389148,43.070764339808996],[-89.38085156354913,43.070779370695],[-89.3808229713608,43.0707929753182],[-89.38079315119931,43.07080508261799],[-89.38076225411517,43.070815637741696],[-89.38073046308676,43.070824576847514],[-89.38053531334883,43.070873791985996],[-89.3804971760716,43.070884516320284],[-89.38046024068383,43.07089713399763],[-89.38042459560545,43.07091160814734],[-89.38039041767324,43.07092787402767],[-89.38035786532375,43.070945844387964],[-89.38032710558475,43.07096543738132],[-89.38030058418676,43.07098475828753],[-89.3798436469704,43.0713394656059],[-89.3798235796057,43.07135158526404],[-89.37980408769313,43.07136422089109],[-89.37978521176649,43.07137734639933],[-89.37976697025432,43.071390943793894],[-89.37974938649086,43.07140500318253],[-89.37973248381833,43.07141950297181],[-89.37971628066501,43.07143442606683],[-89.37969819694972,43.07145237280763],[-89.37931593250607,43.07174911656769],[-89.37929629451943,43.071764898813335],[-89.37926858416627,43.071789228106034],[-89.3792426447309,43.07181458777503],[-89.37922420955437,43.071834393020815],[-89.3787056708463,43.07243089517983],[-89.37868756730674,43.07245000018308],[-89.37866960648583,43.07246693598933],[-89.37865697233747,43.07247783052863],[-89.37863060449028,43.072498844195394],[-89.37778409406017,43.073134490916644],[-89.37762151642539,43.073256568944636],[-89.37751126346781,43.07332055204753],[-89.3774380957111,43.07338966304578],[-89.37728303834072,43.07357539340618],[-89.37722883275582,43.073672191675264],[-89.37717159086577,43.07384077912498],[-89.37704259969213,43.073987247916996],[-89.37686883386452,43.074124814811356],[-89.37679488480539,43.07419886574378],[-89.37654836816213,43.07438682970502],[-89.37628326870673,43.07458895959],[-89.37625580425751,43.07460132047495],[-89.37617596000021,43.07468405012463],[-89.37612968699369,43.07470398227531],[-89.37601670586642,43.07473949887722],[-89.37589869909469,43.07480768076066],[-89.37577119937701,43.07488613154128],[-89.3756437868833,43.07495598173337],[-89.37551156172209,43.07503784708949],[-89.37543412459814,43.07507899875644],[-89.37539225203626,43.0751080153425],[-89.37533609017258,43.07512388726191],[-89.37527824465762,43.075138504620234],[-89.37521527133097,43.07515682466579],[-89.37517448442959,43.07516282419297],[-89.37512500893091,43.07518868719607],[-89.37501719970744,43.07525551140662],[-89.37504424620676,43.075326132009025],[-89.37512658916768,43.07552861879913],[-89.37520371570298,43.07573094496162],[-89.37537914532172,43.0760394352262],[-89.37544353712255,43.07616067026381],[-89.37563480022688,43.0761234345267],[-89.37569747871837,43.07610970465593]]]},"properties":{"NAME":"City of Madison","WardNumber":"51","AldDistrict":"4","SupDistrict":"1","AsmDistrict":"76","WardID":"0051"}},{"type":"Feature","geometry":{"type":"Polygon","coordinates":[[[-89.3687200665953,43.11823865144935],[-89.36879258444476,43.1183580658751],[-89.36886585591147,43.11847872723552],[-89.3689406650319,43.11860191492938],[-89.36901492109482,43.118724195018245],[-89.36908864372792,43.118845596315346],[-89.36921124878543,43.11904747522708],[-89.36921672737034,43.11905626809454],[-89.369352226216,43.11927374156511],[-89.36946637335608,43.119456945604135],[-89.36962188685739,43.119706545156205],[-89.36977736474851,43.119956157969746],[-89.36993360964455,43.12018815154606],[-89.37007840145334,43.12039989564415],[-89.3702413708927,43.120624789190316],[-89.37029565854759,43.12068487086283],[-89.37036610265338,43.12076283571384],[-89.37038963513754,43.12079382493918],[-89.37040694983934,43.120816518770575],[-89.37042535455191,43.12084054613308],[-89.37044434114175,43.120865238925816],[-89.37046272641095,43.12088904394978],[-89.37048222626447,43.120914188815654],[-89.37049610342007,43.12093201786637],[-89.37051704567116,43.1209588303536],[-89.37053036570316,43.12097582025993],[-89.37054390427186,43.120993032586696],[-89.37055916375455,43.1210123780133],[-89.37057414589712,43.12103131106921],[-89.37058916123708,43.1210502297365],[-89.37060389309694,43.1210687306299],[-89.37061961679743,43.12108841649331],[-89.37064064812014,43.12111463943494],[-89.37065334380857,43.12113041301684],[-89.37067135203807,43.1211527227784],[-89.37068036171308,43.12116384660728],[-89.37069274451842,43.12117911059003],[-89.37070914860793,43.12119926659639],[-89.37072457322238,43.121218162927],[-89.37074542834065,43.12124361438805],[-89.37076556424992,43.12126808531859],[-89.37078447888858,43.121290979630594],[-89.37080360719851,43.12131404775368],[-89.3708180734801,43.121331433281526],[-89.37084098763495,43.12135886585769],[-89.37086295916498,43.12138505857564],[-89.37088154525698,43.12140713093703],[-89.37090159589421,43.121430843924585],[-89.3709201772454,43.12145274075883],[-89.3709426672098,43.12147913351427],[-89.37095997698215,43.12149937449788],[-89.37098451963936,43.121527949093654],[-89.37100531464874,43.12155206113756],[-89.3710285464981,43.12157888175239],[-89.37105085655013,43.121604527326674],[-89.37107184705107,43.1216285584369],[-89.37109104290545,43.12165045011642],[-89.37110583789506,43.12166727139398],[-89.37111938446273,43.12168262945829],[-89.37114182630157,43.121707993343364],[-89.37116685605892,43.1217361540724],[-89.37119558476866,43.12176831646562],[-89.37122061725826,43.121796205355075],[-89.37124017954598,43.121817907252],[-89.37126361510572,43.12184380891146],[-89.37128386995109,43.121866106971645],[-89.37130691532347,43.12189137838205],[-89.37133370760942,43.12192062087103],[-89.37135934480173,43.12194847759457],[-89.37138332354276,43.121974418174126],[-89.37140753933627,43.1220005028689],[-89.37143235066583,43.12202711437804],[-89.37145811848102,43.12205462640039],[-89.37148408039141,43.1220822267121],[-89.37150477807037,43.12210413788751],[-89.37153242952876,43.1221332861992],[-89.37155526728391,43.12215725862944],[-89.37157945070804,43.12218253948789],[-89.3716021793886,43.122206209428434],[-89.37161980207158,43.1222244945415],[-89.37163423886477,43.12223943259213],[-89.37165851470617,43.12226447674929],[-89.37168556533756,43.12229225661366],[-89.37170666400951,43.12231383759375],[-89.3717333268958,43.12234100521103],[-89.37175414949813,43.122362135112965],[-89.3717803141369,43.12238858152351],[-89.37180149049894,43.12240990509281],[-89.37182066568222,43.122429148558446],[-89.37185143474872,43.122459900331734],[-89.37188333966299,43.122491627398446],[-89.37191401205354,43.122521970469],[-89.37194263541825,43.12255015060403],[-89.37196687691643,43.122573919244836],[-89.37199294424919,43.12259936915806],[-89.37201071542464,43.12261666237012],[-89.37203313880553,43.12263841218707],[-89.37206236802275,43.12266664566253],[-89.37208976301442,43.122692989028664],[-89.37210840621397,43.12271084966663],[-89.37213141438104,43.12273282204314],[-89.37215739888697,43.12275754190506],[-89.37220434384302,43.12280200549336],[-89.37239912045032,43.122986650308114],[-89.37259394124062,43.123171288503066],[-89.37283370026849,43.123398522022114],[-89.37306428522439,43.12361706427879],[-89.37329487673469,43.123835606964285],[-89.37352736819051,43.12405595017247],[-89.37386624236815,43.1243770971351],[-89.37414789874347,43.12437018685417],[-89.3744336347865,43.12436317587208],[-89.37470186664838,43.1243557788771],[-89.37605782322213,43.12432249523388],[-89.37603916740554,43.12428000145423],[-89.37602232972209,43.12424148142158],[-89.37601135234192,43.12421917535238],[-89.37598865379351,43.12416527213499],[-89.37597237661028,43.12412661730615],[-89.37589202071567,43.12387958089249],[-89.37587170194735,43.12382163358584],[-89.37585892823482,43.12377157865803],[-89.37584620293156,43.12365739740955],[-89.37584628436541,43.123549477900625],[-89.3758665741456,43.1234290282514],[-89.37591175711898,43.12325743808415],[-89.37593471592761,43.12312349977638],[-89.37594043846288,43.12309565765975],[-89.37595663238227,43.123038857425946],[-89.37597909338159,43.12298490671903],[-89.37599726427332,43.12295597870906],[-89.37603146161977,43.122911417114366],[-89.37606565768787,43.12286685550854],[-89.37611769302009,43.1227995214766],[-89.37619842161273,43.12269750750113],[-89.3762558896832,43.12260143286095],[-89.37630290071148,43.122551401947405],[-89.37634563350234,43.12251231805353],[-89.37642680918995,43.12246229986687],[-89.37647594277192,43.122429475041685],[-89.37652934512005,43.12239821536288],[-89.37660623885338,43.1223622719225],[-89.37672157052852,43.12231852458234],[-89.37690950701817,43.12226385711789],[-89.37702696592008,43.12223262162911],[-89.37712947215348,43.12220763759341],[-89.37723198640242,43.12217326818017],[-89.37735158504313,43.122134214074656],[-89.37743273880679,43.12211078486525],[-89.37749682045626,43.12207327234996],[-89.3775374098323,43.122045135025104],[-89.37758419973332,43.12200485512236],[-89.37763847678177,43.12194375982053],[-89.37778715785784,43.12179312551122],[-89.37789014289369,43.121617358879],[-89.3780273818918,43.121483464286214],[-89.37815320491748,43.12133282066728],[-89.37829042598398,43.12122404109621],[-89.3784504905439,43.121132012758025],[-89.37851912148581,43.12104832112783],[-89.37857637720761,43.12088927996552],[-89.37865647652465,43.12074699102939],[-89.37873655893067,43.120629816480466],[-89.3788281514161,43.12049580095433],[-89.3788545500047,43.120469013320886],[-89.37890934859861,43.120403401820084],[-89.37893072120093,43.12037369235933],[-89.37897986278021,43.120325225497844],[-89.37903113638649,43.12027988724947],[-89.37908881883318,43.120232987026114],[-89.37912514275223,43.12019233530016],[-89.3791806926709,43.12013917766582],[-89.37922768753462,43.12010791430852],[-89.37926613492323,43.12008603211882],[-89.37931312096768,43.120067280946074],[-89.37936223473413,43.120057914942635],[-89.37939640227953,43.12004854333067],[-89.37940708411503,43.12004072729714],[-89.37941563464321,43.12002508953898],[-89.37942205305187,43.1200063231526],[-89.37944770378903,43.11996410296846],[-89.37948189845937,43.11991563030508],[-89.37951395444001,43.11987341339542],[-89.37956951133211,43.11980930681375],[-89.37963573794094,43.1197545894651],[-89.37968913635785,43.11972332829713],[-89.37973186178534,43.11968893531423],[-89.37977033681994,43.11962638666032],[-89.37978531639975,43.11957790677987],[-89.37978325324876,43.11947311422312],[-89.3797683591863,43.11939959792103],[-89.37976199389074,43.11934172483411],[-89.37975352228857,43.1192416220931],[-89.37974930332423,43.11916810974301],[-89.37974935520273,43.119093034609776],[-89.3797503730908,43.119081613677345],[-89.37975479384491,43.11903200656097],[-89.37976014101089,43.11900021897545],[-89.37976591054051,43.11897598784662],[-89.37977721089231,43.11893333471496],[-89.37978600634882,43.118914954426096],[-89.37981662345865,43.11886642452191],[-89.37984213540747,43.11882660564366],[-89.37987274042301,43.1187955006661],[-89.37992543983604,43.11875195732232],[-89.38000194215314,43.11868601935582],[-89.3800410430814,43.11865367263208],[-89.38007844259961,43.11862257010068],[-89.38012093908486,43.118592714262576],[-89.38015153532356,43.11857405572576],[-89.38019572639159,43.11854917891001],[-89.38024501272533,43.11852803844061],[-89.38030449604445,43.11850316718635],[-89.38035207963037,43.11848700357543],[-89.38040306175563,43.11847084208571],[-89.3804676466455,43.11843850451704],[-89.38054412435909,43.11840741697223],[-89.3806325049907,43.11836264144675],[-89.38070048820339,43.11833030498021],[-89.38075997495527,43.11829796629768],[-89.38082457160253,43.11824944751452],[-89.38087556261658,43.11821959446454],[-89.380911258827,43.11819347037229],[-89.38094525445499,43.11817107835195],[-89.380977548278,43.118152421104995],[-89.38100813696713,43.118142474359615],[-89.38106421145301,43.118133781599376],[-89.38111518727159,43.11812633181393],[-89.38116615892027,43.11812510616475],[-89.38119673925775,43.118127605886656],[-89.38125450222232,43.118131361058836],[-89.38130717603212,43.11812764539143],[-89.38134285958874,43.11812019094086],[-89.38136939689252,43.11811444069832],[-89.38138874042704,43.11811024955088],[-89.38142103077877,43.118096570605736],[-89.38145162597287,43.11807666688761],[-89.3814669338691,43.11805302412619],[-89.3814731783842,43.11802656804021],[-89.38147545292342,43.11801693242675],[-89.38148395671546,43.11800199926658],[-89.38149246090711,43.117988310938024],[-89.38151455966509,43.11797213867728],[-89.38153665223999,43.11796343360259],[-89.38156384096652,43.117957219997045],[-89.38159103504081,43.117941049530124],[-89.38163693049812,43.11790870466756],[-89.38166072886968,43.11789004421647],[-89.38167433080474,43.11787635767934],[-89.38168453872004,43.117853957014454],[-89.38168455349553,43.117831553641366],[-89.38168286613094,43.11781537292634],[-89.38168967345055,43.1177979503857],[-89.38170497421429,43.11778301961375],[-89.38172367513666,43.11776560127781],[-89.38173727580148,43.117751914732466],[-89.38175342723413,43.1177325737863],[-89.38175809189215,43.11772233954756],[-89.3817814959359,43.117680985721655],[-89.38179171524231,43.117644894596545],[-89.3817985315165,43.117613780697965],[-89.3817985552547,43.11757768597287],[-89.38180027497575,43.11754657027488],[-89.38181050733937,43.11748683093975],[-89.38182242380448,43.117451984341514],[-89.38184964661164,43.11739349582599],[-89.38186327086622,43.11734371453801],[-89.38187350027835,43.11729019845529],[-89.38187986563243,43.11722339109767],[-89.38189608626976,43.117176942872874],[-89.38194199118571,43.11712717383492],[-89.38199978950736,43.11707740805551],[-89.38202729265655,43.11706130599832],[-89.38207158276927,43.117030569764175],[-89.3820899928003,43.117021587861046],[-89.38228591585519,43.11690209663346],[-89.3824425615033,43.11679222605769],[-89.38247657312289,43.116744941435336],[-89.38252758657865,43.116675259313155],[-89.38255141071166,43.11661552461215],[-89.38263986905903,43.1164437926417],[-89.38271468156643,43.11635420403538],[-89.38277928058686,43.116294483341605],[-89.38291187032138,43.11618499986712],[-89.3830037004179,43.11605060923609],[-89.38307174007535,43.115923678493594],[-89.38311257996116,43.115821631474766],[-89.38313644435027,43.115697174360115],[-89.38315372723125,43.115583704263905],[-89.38315670643433,43.11557248018373],[-89.38318075432363,43.11548186582439],[-89.38319947739426,43.11542586283444],[-89.38321480449444,43.11536985868428],[-89.38322333952377,43.11530638412258],[-89.3832284848338,43.11522921794534],[-89.38322852431257,43.11516698532149],[-89.38321159454019,43.11507487543158],[-89.38319296124212,43.11498774428828],[-89.38315904650104,43.11488691566818],[-89.38313361863108,43.114798536461464],[-89.38309461131026,43.11469023888324],[-89.38305898229429,43.114615548432816],[-89.38302333467537,43.114568238887415],[-89.38296901376266,43.114497275606766],[-89.38295204639601,43.11446490863421],[-89.38292998428338,43.11442631754659],[-89.38288583870444,43.114386473138495],[-89.38285866683486,43.1143690388414],[-89.38280433591257,43.11431425560484],[-89.38278057201623,43.11428188626626],[-89.38277040141064,43.11424578800709],[-89.38275853288087,43.1142096891617],[-89.3827364682129,43.11417732039881],[-89.38271100284179,43.11414868495735],[-89.38267194702681,43.114117555151516],[-89.38263968068345,43.11409762937603],[-89.38260571921022,43.11407148064006],[-89.38256496877806,43.11403537177898],[-89.38252761671217,43.11399926318095],[-89.38249874917356,43.113976850677304],[-89.38246138307191,43.11396065668115],[-89.38241722120536,43.113946949977105],[-89.3823713581658,43.11393448749709],[-89.3822844200666,43.11389623102633],[-89.38210359778506,43.11380262442544],[-89.38199094115538,43.113724009203885],[-89.38193320226883,43.11368789414634],[-89.381890745987,43.11366298614043],[-89.38182451515641,43.113623133537345],[-89.38175828277282,43.11358577056135],[-89.38169205703485,43.11353845068403],[-89.38163546628078,43.11349819633843],[-89.38157998407848,43.11345750851153],[-89.38152564768468,43.11341392725493],[-89.38148488842492,43.1133927532997],[-89.38139997088045,43.11335164986721],[-89.38133779289346,43.11332427736008],[-89.3813014609237,43.11331334171514],[-89.38116728177688,43.1132635075646],[-89.38110274598759,43.113231123247736],[-89.38102632087386,43.11319375618526],[-89.38098216616424,43.113168848129085],[-89.38091763308061,43.11313273010855],[-89.38084970012984,43.113099099589675],[-89.3807902533011,43.113077918633266],[-89.38074610083889,43.11305176565299],[-89.38066117668586,43.11302186336679],[-89.38060342452876,43.113005661361115],[-89.38050829720181,43.11299193628562],[-89.380465826297,43.11299192080825],[-89.38043354480078,43.11299439780011],[-89.38041995505547,43.11299314800723],[-89.38038257993257,43.11299189042563],[-89.38035981026715,43.11298875336977],[-89.38032821867192,43.11298844748609],[-89.38029424224042,43.112986568252204],[-89.38024667522195,43.112984683127685],[-89.38021184899321,43.112984048391205],[-89.38015493928992,43.112979360501335],[-89.38009718048288,43.11297311510403],[-89.38005301387587,43.112968120416646],[-89.38000714349815,43.11296810351737],[-89.37996976877245,43.112968089734416],[-89.37992729579909,43.11296931888988],[-89.37988652452653,43.11296681415873],[-89.3798406558658,43.11296430842686],[-89.3798032897315,43.11295184805977],[-89.37976592619097,43.11293565408157],[-89.37971497308111,43.11291447571461],[-89.37967081860933,43.11289205591791],[-89.37961816853141,43.11286963294395],[-89.37956720984593,43.1128584122756],[-89.37950945244017,43.112852167482274],[-89.3794686812623,43.1128496626023],[-89.37939733071534,43.11284714627704],[-89.37935316129143,43.11284464008513],[-89.3793140909885,43.11283964792027],[-89.37926652940848,43.112828427490626],[-89.37917141137127,43.11280225477408],[-89.37908648221547,43.11278106334983],[-89.37902193140874,43.11277232698495],[-89.37898455995108,43.11276608961491],[-89.37895738237324,43.112761100017494],[-89.378906416005,43.11276108075198],[-89.37889452336098,43.11276107625326],[-89.37887243491464,43.11276604722784],[-89.37885714261476,43.112769775038366],[-89.37884185259773,43.11276852441429],[-89.37882486907868,43.11276104987974],[-89.37880449293836,43.1127473516898],[-89.3787977011874,43.112742369781174],[-89.37877901679745,43.112737384261614],[-89.37875353626335,43.112733640992985],[-89.37864650831183,43.11273235548585],[-89.37854966945773,43.112737297031494],[-89.37842904530743,43.11274222940233],[-89.3783220120142,43.11274841169009],[-89.3782421615574,43.11275211555332],[-89.37814532085446,43.11275954642308],[-89.37805527450507,43.11276822376478],[-89.37799071490302,43.112771932448624],[-89.3779108626016,43.112778124846784],[-89.37784290203386,43.11278556663149],[-89.37778513710268,43.112791767499026],[-89.37771717257286,43.1128029428076],[-89.37763222347692,43.112811622697414],[-89.3775115945806,43.11282277736684],[-89.37735359190495,43.11283267333946],[-89.3772584519163,43.112837613558746],[-89.37719558917975,43.11284256729394],[-89.37711063872679,43.112851246796325],[-89.37702058568935,43.11286863715529],[-89.37690334932078,43.11288725972292],[-89.37679800371262,43.11290837745418],[-89.37670964318185,43.11293448027306],[-89.37657369736215,43.11298172263267],[-89.37646833913354,43.113017775355054],[-89.37635618949344,43.11305009166076],[-89.3762389535081,43.113067469614776],[-89.37617948872078,43.113072424156385],[-89.37611152855186,43.11307862008028],[-89.37602997401667,43.11308978891463],[-89.37596371107377,43.113098475101985],[-89.37589574897865,43.113107159663535],[-89.3758294831802,43.1131195793719],[-89.37572584318461,43.11312949510767],[-89.37561201646565,43.11313193760435],[-89.37550838710145,43.11312940661475],[-89.37543534294147,43.11311941903062],[-89.37537079296736,43.11310819094198],[-89.37529775170506,43.11309446967139],[-89.37522471142644,43.11307950442132],[-89.3751533719474,43.11306080532371],[-89.37509391975901,43.11305082310711],[-89.37503955870783,43.11304582229055],[-89.37499538931824,43.11304331531814],[-89.37493763603358,43.1130320888876],[-89.37477007608754,43.11301383223469],[-89.3746807213265,43.11300724787492],[-89.3745876943918,43.11299584910258],[-89.37452994315714,43.112982133700534],[-89.37440086347763,43.11293602824027],[-89.3743346259397,43.11291359716221],[-89.37427008220857,43.112894900355016],[-89.37422761720333,43.112887414466414],[-89.37416646692228,43.1128749422896],[-89.37410531666602,43.11286247008005],[-89.37401189892499,43.112837537725206],[-89.37395584293292,43.11282755724691],[-89.37390489118617,43.11280886596108],[-89.37383111910174,43.11277236920504],[-89.37375121364418,43.11273325772551],[-89.37369553598471,43.11270330773933],[-89.37360941964856,43.112641647011536],[-89.37352451925472,43.11258684637065],[-89.37339037370667,43.112504641942934],[-89.3732918852076,43.112447346566434],[-89.37324603108732,43.112427412330305],[-89.37321206782379,43.11241121676541],[-89.3731746981686,43.11240373266602],[-89.37317096499804,43.11240315590542],[-89.37314242387818,43.112398740405204],[-89.37311014561551,43.11239872656747],[-89.37305408220591,43.11239870251139],[-89.37299632014522,43.11240116736476],[-89.37295554630806,43.112401149831435],[-89.3729045864617,43.11239490463014],[-89.37286041762763,43.11239239593388],[-89.37282134691165,43.11238740065293],[-89.37278567766108,43.11237991715999],[-89.37275170730561,43.11237119045638],[-89.37274819708826,43.112369898201585],[-89.37271972307789,43.1123554339472],[-89.37262777176507,43.112270319738705],[-89.37257344879978,43.112219266126566],[-89.3724970603342,43.11214455377211],[-89.37241218906942,43.1120573911407],[-89.3723188296044,43.11196151271126],[-89.37222717256763,43.1118619004462],[-89.37218133768218,43.11182080721804],[-89.37213209633475,43.111788425416805],[-89.37208963924675,43.1117709809678],[-89.37204208612043,43.111753535170195],[-89.37201491870232,43.11173734312562],[-89.3719690695957,43.11171242994268],[-89.37193681205694,43.11168752271005],[-89.37189606539674,43.111656388469655],[-89.37187230521403,43.11162775045135],[-89.37185363396235,43.1116078285021],[-89.3718179752798,43.11158665334052],[-89.37176342227202,43.11155997385399],[-89.3716669228349,43.111473457205776],[-89.37159968091639,43.111413170528294],[-89.37157859068043,43.111402340241035],[-89.37155311216442,43.11139735053613],[-89.37152423876087,43.111389869655156],[-89.37150046940945,43.111371189324046],[-89.37147840244188,43.11135002007468],[-89.37144446265667,43.111305198216144],[-89.37139693785946,43.11125414614982],[-89.37132735639227,43.11116823431717],[-89.37128195820684,43.11111298239528],[-89.37124464034746,43.11104575556409],[-89.37121410318424,43.110995955813756],[-89.37116828906738,43.110929969105314],[-89.37113266741322,43.11086647569282],[-89.37109534346305,43.11080547117634],[-89.37103935216885,43.11072205489533],[-89.37099015295009,43.110642375226],[-89.37093248034807,43.11053655382698],[-89.37089931157809,43.110475692418746],[-89.37086790066664,43.11041805593546],[-89.37083406501084,43.11034975220675],[-89.3707865975717,43.11028009039971],[-89.37075265575558,43.110239001927724],[-89.37071532630607,43.11018546538148],[-89.37068139312355,43.11013566395321],[-89.37064067528192,43.11007216808409],[-89.37060676607534,43.1099924951258],[-89.37056607436952,43.10989663895391],[-89.37052370504675,43.109778377694305],[-89.37048302217401,43.10967380855392],[-89.37043214959563,43.10956550118664],[-89.37037084963505,43.109427993525784],[-89.37031515294504,43.109305316567536],[-89.37027954660833,43.109224397896966],[-89.37023716338823,43.10912231755537],[-89.37020666591022,43.10902770980107],[-89.37013384701226,43.10876008592239],[-89.37011691613085,43.10869161412886],[-89.37010167391162,43.1086368416796],[-89.37007286304721,43.10855592692716],[-89.37003895858297,43.1084725192762],[-89.37003411031185,43.108457349528614],[-89.3699932131702,43.10832936406027],[-89.36993226508544,43.10816062021679],[-89.36980072645524,43.107704871414406],[-89.36963467168853,43.10714350534464],[-89.36957474473787,43.10701855508356],[-89.36954591292967,43.10696377719418],[-89.36952050593567,43.106879128437946],[-89.3695001699494,43.106821865675734],[-89.36948154363857,43.10675215624825],[-89.36945275172837,43.106652570596275],[-89.36943752754435,43.10657664035287],[-89.36941967441956,43.10650224086017],[-89.36938823537076,43.106409850246635],[-89.3693811825134,43.106383058288465],[-89.36933756543161,43.10627414344781],[-89.3693121329849,43.10621687829171],[-89.36929518779557,43.10616832909723],[-89.36926975574528,43.106113552700684],[-89.36924432143915,43.10606002113187],[-89.36921890542024,43.10598533007004],[-89.36920537203883,43.10591935744895],[-89.3691901613817,43.10582973488259],[-89.36918605257175,43.10579375967631],[-89.36917836044229,43.10572642340656],[-89.36915811432436,43.10556585459929],[-89.36915317011912,43.105525721451514],[-89.369142932838,43.10544262688558],[-89.36913554684924,43.10540639092754],[-89.36860935842385,43.10538862807454],[-89.36850245756003,43.105387512258275],[-89.36829136430705,43.105542379259575],[-89.36827573282305,43.1055559768735],[-89.3682598471867,43.10556941414811],[-89.36824370985644,43.1055826892843],[-89.3678375931581,43.105907042648525],[-89.36786695049221,43.10593064184645],[-89.36789578545599,43.105954585526355],[-89.36792408822816,43.105978866483106],[-89.36795185390119,43.10600347751406],[-89.36797907510807,43.10602841411558],[-89.36800574325594,43.106053669083224],[-89.36803185343705,43.10607923521423],[-89.36805739705666,43.10610510710442],[-89.36808236797945,43.10613127665028],[-89.36810676006749,43.106157738448715],[-89.36813056595687,43.106184484395754],[-89.36815378196734,43.106211508189425],[-89.36817639950564,43.10623880262505],[-89.36819841366298,43.10626636140019],[-89.36821981830452,43.10629417551119],[-89.36824060852064,43.10632223955553],[-89.36826077940401,43.106350545430274],[-89.36844256609575,43.10661259714417],[-89.36846384646074,43.10664512135965],[-89.36848455298556,43.10667784332317],[-89.3685046819881,43.106710758532756],[-89.36852423101622,43.1067438606869],[-89.36854319761697,43.106777144384196],[-89.3685615768796,43.1068106051221],[-89.36857936635275,43.10684423569904],[-89.36859656235411,43.10687803161295],[-89.36861316365982,43.1069119865629],[-89.36862916781608,43.10694609604753],[-89.3687199770419,43.107174764166565],[-89.36872804561831,43.10719594002808],[-89.36873549986124,43.107217236215],[-89.36874233363574,43.10723864372367],[-89.36874854572119,43.10726015265259],[-89.36875413366799,43.10728175399965],[-89.3687590937994,43.10730343696209],[-89.36876342366568,43.10732519253789],[-89.36876712327556,43.10734700992603],[-89.36877018772161,43.10736888102326],[-89.368805745789,43.10759514069472],[-89.36880994386802,43.10762298626491],[-89.3688134306175,43.10765088370865],[-89.36881620481499,43.10767882492462],[-89.36881826646973,43.10770679821159],[-89.36881961313077,43.107734795467536],[-89.36882024480579,43.10776280679149],[-89.36882016150322,43.107790821382274],[-89.36881936323061,43.10781882933873],[-89.3688178499941,43.107846822560134],[-89.36881562303127,43.107874789345665],[-89.36881268234907,43.10790272069434],[-89.36880902918271,43.10793060760569],[-89.3688046659977,43.10795843927965],[-89.36879959280162,43.107986205815074],[-89.36879381082987,43.10801389821142],[-89.36878732377556,43.108041506569336],[-89.36878013287401,43.10806902188824],[-89.3687722418193,43.108096433368544],[-89.3687636518475,43.108123731109636],[-89.36875436787798,43.10815090791291],[-89.36874438992089,43.108177951176806],[-89.36873372535167,43.10820485460389],[-89.36872237540906,43.10823160559325],[-89.36871034378312,43.108258197845664],[-89.36869763662577,43.10828461966255],[-89.36868425640021,43.108310862944],[-89.36867020925605,43.10833691869168],[-89.36865325339167,43.10836679128932],[-89.36863578782409,43.10839650612883],[-89.36861781747065,43.108426058711665],[-89.3685993435639,43.10845544363767],[-89.36858037101962,43.108484658208646],[-89.36856090107125,43.10851369612411],[-89.36852524894415,43.108571347740465],[-89.36848893969666,43.10862877941309],[-89.36845197701753,43.10868598574248],[-89.36841436090765,43.10874296402774],[-89.36837609751218,43.108799709770686],[-89.36833718560513,43.10885621846952],[-89.36829763133002,43.108912487426274],[-89.36825743591888,43.10896851124021],[-89.36821660182973,43.10902428721162],[-89.36817513275085,43.10907981084102],[-89.36813303114121,43.10913507852851],[-89.3680902994606,43.1091900857741],[-89.36805992511232,43.10922854696291],[-89.36802924371543,43.10926687568382],[-89.36761006376538,43.10969719117093],[-89.36763172203841,43.10972404059053],[-89.36765391740475,43.109750651736064],[-89.36767664618245,43.10977702100515],[-89.36769990346355,43.10980314209444],[-89.36772368311125,43.10982900869998],[-89.36774798144448,43.10985461631927],[-89.36777279109877,43.109879957747665],[-89.3677981096206,43.10990502938331],[-89.36782392841695,43.109929824020995],[-89.36785055071428,43.10995458933105],[-89.3678777114071,43.10997903715601],[-89.36790540558563,43.11000316299274],[-89.36793362588587,43.110026958736526],[-89.36796550425261,43.11005550061744],[-89.36799794807304,43.11008369982018],[-89.36803094752487,43.11011155003888],[-89.36806449769962,43.11013904497003],[-89.36809859000262,43.110166179208576],[-89.36813321829683,43.11019294645042],[-89.36816837521512,43.110219342191115],[-89.36820405216417,43.110245359225374],[-89.3682402430045,43.11027099394944],[-89.36827693914267,43.11029623915792],[-89.36831413321143,43.11032109034654],[-89.36835181784413,43.11034554211066],[-89.36838998444574,43.11036958904519],[-89.36842862442018,43.110393226645215],[-89.36846772917232,43.11041644950548],[-89.36850729256386,43.11043925222221],[-89.36854730476945,43.11046163118987],[-89.36858775719377,43.11048358100339],[-89.36862864124127,43.110505096257754],[-89.36866994954357,43.11052617334863],[-89.36871167104735,43.11054680776992],[-89.36875320033323,43.11056671300765],[-89.36879511578793,43.11058617916323],[-89.3688374088142,43.11060520263165],[-89.36888006958719,43.11062377890758],[-89.36909597884231,43.11071465764067],[-89.36914700687655,43.11073662476241],[-89.36920010058404,43.11075948031321],[-89.36936746692345,43.11083238721554],[-89.36942057397484,43.11085563241171],[-89.3694733613135,43.11087926447749],[-89.369523692124,43.11090229502386],[-89.3695737192217,43.11092567644612],[-89.36962343892142,43.11094940874297],[-89.36967284631257,43.11097348831214],[-89.36972193771224,43.110997912452106],[-89.36977070697901,43.111022680260284],[-89.36981915042999,43.11104778903519],[-89.36985986084495,43.111069286666016],[-89.36990033151665,43.111091025398714],[-89.37011516548077,43.11121352300862],[-89.37036910223986,43.111358314418],[-89.3707139384117,43.11155008352229],[-89.37060626591968,43.11162991772419],[-89.37051505672291,43.11169846574543],[-89.37050541390043,43.11170561265922],[-89.37049530329365,43.11171240472282],[-89.37048474826092,43.111718823044626],[-89.3704737758421,43.11172485413532],[-89.37046241185057,43.111730481804635],[-89.37045068332456,43.111735694363475],[-89.37043861976179,43.1117404774235],[-89.37042624942843,43.11174482019623],[-89.37041360304835,43.111748710994235],[-89.37040071011346,43.11175214262997],[-89.37038760257471,43.11175510521678],[-89.3703743123803,43.11175759246834],[-89.37036087025061,43.11175959719775],[-89.37034731058921,43.11176111492002],[-89.37033366656998,43.11176214294994],[-89.37031996890936,43.11176267860098],[-89.36979141348417,43.11177672686883],[-89.36976129379505,43.1117785420717],[-89.36973124244071,43.11178089915617],[-89.36970128030748,43.11178379633166],[-89.36967142336819,43.11178723090527],[-89.36964169127977,43.11179120198604],[-89.36961210124352,43.11179570688167],[-89.36958267046097,43.11180074289988],[-89.3695534185914,43.11180630644945],[-89.3695243603791,43.111812394836974],[-89.36949551548352,43.11181900447133],[-89.36946690110841,43.11182612995998],[-89.36943853445526,43.11183376861077],[-89.36941043272728,43.11184191593125],[-89.36938261067188,43.11185056562782],[-89.36935508794943,43.11185971320925],[-89.36932788053532,43.11186935328254],[-89.36930100440577,43.11187947955466],[-89.3692744755362,43.111890086632584],[-89.36920198750009,43.1119176428578],[-89.36912920981345,43.11194478755863],[-89.36905614739409,43.1119715180364],[-89.36898280515729,43.111997834292964],[-89.36841702635802,43.11218223819513],[-89.36848438076372,43.11228972515099],[-89.36838961946616,43.11231691756892],[-89.36836160782333,43.11232419788083],[-89.3683338353261,43.112331956249726],[-89.36830631795081,43.112340186382525],[-89.36827907044294,43.11234888468608],[-89.3682521063202,43.112358046666365],[-89.36822544155909,43.112367666030586],[-89.36819908967661,43.112377739184794],[-89.36817306664848,43.112388260736225],[-89.36793075601665,43.11248494970542],[-89.36787722856015,43.11250548162234],[-89.36782339308445,43.11252557412079],[-89.36776925327779,43.112545225401846],[-89.36771481897203,43.11256443276949],[-89.36766009508393,43.112583194425405],[-89.36760508898836,43.11260150767257],[-89.36754980683146,43.112619369813046],[-89.36749425721585,43.112636779050405],[-89.36743844505851,43.11265373358648],[-89.36738237896282,43.11267023072469],[-89.36732606384578,43.112686268666806],[-89.36726950831097,43.112701844716334],[-89.36721271973171,43.112716957976346],[-89.3671557042544,43.11273160574911],[-89.3670984692525,43.112745787137904],[-89.36704102210102,43.11275949944549],[-89.36698336894482,43.11277274177452],[-89.36692551838759,43.112785511428555],[-89.36691284004674,43.11278893737418],[-89.36689993608572,43.11279187445698],[-89.3668868409107,43.11279431639293],[-89.36687358892952,43.112796255097614],[-89.36686021823246,43.112797686088896],[-89.36684676322338,43.112798605783084],[-89.3668332619918,43.11279901059814],[-89.36681974893905,43.112798899650585],[-89.36680626337845,43.112798274759626],[-89.36679283971061,43.11279713594194],[-89.36677951601847,43.11279548681633],[-89.36676632669855,43.11279333190002],[-89.36675330860373,43.1127906766115],[-89.36674049612716,43.11278752906831],[-89.36672792611917,43.112783897389214],[-89.36671563051418,43.11277979149091],[-89.36670364247512,43.11277522129053],[-89.36669199638933,43.11277020120653],[-89.36668072173151,43.11276474385448],[-89.36666985043189,43.11275886365167],[-89.3666594119618,43.11275257681416],[-89.36664943333453,43.11274590045707],[-89.36663994279122,43.11273885259611],[-89.36663096611403,43.11273145304608],[-89.36662252785744,43.112723720721],[-89.36661464888768,43.11271567723345],[-89.3666073537566,43.112707344197815],[-89.3666006596438,43.11269874412494],[-89.36659458495669,43.112689900426346],[-89.36658914687307,43.112680837413116],[-89.36658436011369,43.1126715793951],[-89.36658023816979,43.112662151581645],[-89.36611733156468,43.11195495207036],[-89.36566041720133,43.11133210161659],[-89.36565346482594,43.111322763279055],[-89.36564714168809,43.11131318852649],[-89.36564146005148,43.11130340076759],[-89.36563643341003,43.1112934216114],[-89.36563207525514,43.111283275367306],[-89.3656283953934,43.11127298544274],[-89.36562540240108,43.111262577044755],[-89.3656231036268,43.11125207447955],[-89.36562150273262,43.111241502951835],[-89.36562060583859,43.111230886767125],[-89.36562041415048,43.11122025022874],[-89.36562092764308,43.111209620339515],[-89.36562214506503,43.111199021401504],[-89.36562406393662,43.11118847771603],[-89.36562668054776,43.11117801538401],[-89.36562998750529,43.11116765780429],[-89.36563397741354,43.11115743107598],[-89.36563864165167,43.11114735769717],[-89.36564396791077,43.11113746286434],[-89.36564994388515,43.111127768173745],[-89.36565655480884,43.11111829882063],[-89.36566378714859,43.11110907550042],[-89.36567162245531,43.111100120706354],[-89.36568004228081,43.11109145603148],[-89.36568902695076,43.11108310036808],[-89.36569855433233,43.11107507440721],[-89.36570860352197,43.111067397940616],[-89.36571914993301,43.11106008805784],[-89.36573016897884,43.11105316184849],[-89.36574163361668,43.111046635500834],[-89.36575351803145,43.11104052610383],[-89.36580410193133,43.11101666156562],[-89.36585430288173,43.11099236567015],[-89.36590411105034,43.11096764201338],[-89.36595352274855,43.110942493294374],[-89.36600252937275,43.110916923109784],[-89.36605112477643,43.110890935057505],[-89.36609930281313,43.11086453273536],[-89.36614705610869,43.110837718840614],[-89.3661943785151,43.11081049877137],[-89.36624126265824,43.11078287522486],[-89.36628770361966,43.110754852699635],[-89.36633369402531,43.11072643389293],[-89.36630014025239,43.11069528946304],[-89.3662671408712,43.11066382936003],[-89.36623470324933,43.11063205718833],[-89.36620282983776,43.11059997925031],[-89.36617152923172,43.110567600051056],[-89.3661408051097,43.11053492679365],[-89.36611066361073,43.110501963082],[-89.36608110718554,43.110468715218424],[-89.3660521444276,43.11043518950821],[-89.36602377778922,43.110401390453525],[-89.36599601340676,43.11036732435849],[-89.36596885495936,43.11033299752609],[-89.36594230735638,43.11029841445951],[-89.36591637550544,43.1102635814624],[-89.3658910630856,43.11022850483751],[-89.36586637500534,43.110193189988394],[-89.36584231494274,43.11015764411797],[-89.365818887807,43.11012187172954],[-89.3657960960486,43.110085879125386],[-89.36577394457495,43.11004967260896],[-89.36575243706487,43.11001325848312],[-89.36573157719725,43.10997664305076],[-89.36571136742327,43.10993983171394],[-89.36569181264937,43.10990283167635],[-89.36567291532663,43.109865648339905],[-89.36565467913381,43.10982828800758],[-89.3655100930703,43.10951559479079],[-89.3638508680386,43.109504682686826],[-89.36383789552326,43.11016762903851],[-89.36385036442822,43.11018772015862],[-89.36395897278629,43.11036234477022],[-89.36396029116293,43.11036346966205],[-89.36432513081675,43.1109645791775],[-89.36440071161977,43.11108910615467],[-89.36451447102257,43.11127653308529],[-89.36459142644235,43.111403330665624],[-89.36464800978719,43.11149655424376],[-89.3649499070473,43.111993951440866],[-89.36574067916854,43.11329681897146],[-89.36623362877671,43.11410888493183],[-89.3665705421176,43.11466390356862],[-89.36659022440695,43.11469801957581],[-89.36699211404608,43.11535839409389],[-89.36707073647902,43.11548726723096],[-89.36714935924164,43.11561614031095],[-89.36722899222805,43.11574506602428],[-89.36725675858108,43.11579002654715],[-89.36730307765005,43.11586501686216],[-89.36728314501424,43.115872322382344],[-89.36736179148217,43.116001841586865],[-89.36743731840787,43.11612622779497],[-89.36751360138122,43.11625185644369],[-89.36758996932329,43.11637762009338],[-89.36766710804355,43.11650465589161],[-89.36774283250672,43.116629361513894],[-89.3678214441063,43.11675881916021],[-89.36789734464051,43.1168838118882],[-89.36797259891107,43.11700774664417],[-89.36804994778794,43.11713512070413],[-89.36812586519807,43.11726014298249],[-89.36820183076955,43.11738523993803],[-89.36827440058558,43.11750474744662],[-89.36834894968405,43.11762751238353],[-89.36842383647996,43.11775083368661],[-89.36849887203284,43.11787439983352],[-89.36860905796503,43.118055851333956],[-89.36864561294088,43.11811604703062],[-89.3687200665953,43.11823865144935]]]},"properties":{"NAME":"Village of Maple Bluff","WardNumber":"2","AldDistrict":null,"SupDistrict":"18","AsmDistrict":"76","WardID":"0002"}}]}